Website,PRODUCT PRICE,DISCOUNT,PRODUCT RATE,BRAND NAME,PRODUCT LINK
JUMIA,EGP 175.00,No Discount found,5 out of 5,Afri Medical 3 Layers Disposable Face Mask - 50Pcs,https://www.jumia.com.eg/afri-medical-3-layers-disposable-face-mask-50pcs-24045071.html
JUMIA,EGP 485.00,No Discount found,No Rate found,Purity Black Seed Oil 125ml,https://www.jumia.com.eg/purity-black-seed-oil-125ml-25183739.html
JUMIA,"EGP 30,500.00",13%,No Rate found,Sherif Gemstones Top Quality 30.55 Ct Natural Pear Cut Jewelry Making Swiss Blue Crackle Quartz,https://www.jumia.com.eg/sherif-gemstones-top-quality-30.55-ct-natural-pear-cut-jewelry-making-swiss-blue-crackle-quartz-24773643.html
JUMIA,EGP 160.00,No Discount found,4.4 out of 5,Infinity Hand Gel Sanitizer 70% Alcohol - 80ml,https://www.jumia.com.eg/hand-gel-sanitizer-70-alcohol-80ml-infinity-mpg871838.html
JUMIA,EGP 399.00,34%,5 out of 5,Premium Refill Ink Premium 5 Color 100 Ml For Ink Jet Printers,https://www.jumia.com.eg/premium-refill-ink-premium-5-color-100-ml-for-ink-jet-printers-48351147.html
JUMIA,EGP 78.99,60%,3.3 out of 5,AM-Shop Set Of (12) Socks - For Kids,https://www.jumia.com.eg/am-shop-set-of-12-socks-for-kids-47494801.html
JUMIA,EGP 300.00,No Discount found,No Rate found,Junior Baby Boys Romper,https://www.jumia.com.eg/junior-baby-boys-romper-49055713.html
JUMIA,"EGP 142,180.00",No Discount found,No Rate found,Forex Shredder Machine X1000,https://www.jumia.com.eg/forex-shredder-machine-x1000-22778711.html
JUMIA,EGP 40.00,No Discount found,4.8 out of 5,Twinkle Elegant Shoes & Bags Leather Varnish - Black,https://www.jumia.com.eg/twinkle-elegant-shoes-bags-leather-varnish-black-45281088.html
JUMIA,EGP 390.00,40%,5 out of 5,Disney McQueen Pajamas From Disney Cars,https://www.jumia.com.eg/disney-mcqueen-pajamas-from-disney-cars-34554834.html
JUMIA,EGP 400.00,No Discount found,4.5 out of 5,Nagafa Shop Modern Silver Hanging Ball Ring RS1005,https://www.jumia.com.eg/nagafa-shop-modern-silver-hanging-ball-ring-rs1005-29214595.html
JUMIA,EGP 550.00,No Discount found,4.2 out of 5,Modern Home R_101 - Modern Decor Shelf - Black,https://www.jumia.com.eg/r101-modern-decor-shelf-black-modern-home-mpg697019.html
JUMIA,EGP 375.00,46%,No Rate found,Winter Women Pajamas,https://www.jumia.com.eg/generic-winter-women-pajamas-48745363.html
JUMIA,"EGP 44,000.00",No Discount found,No Rate found,Sherif Gemstones 108 Ct 31mm Natural Yellow Sapphire Loose Gemstone,https://www.jumia.com.eg/sherif-gemstones-108-ct-31mm-natural-yellow-sapphire-loose-gemstone-28222723.html
JUMIA,"EGP 55,000.00",No Discount found,No Rate found,Art House Stella L-Shape Sofa By Art House Furniture,https://www.jumia.com.eg/art-house-stella-l-shape-sofa-by-art-house-furniture-35067267.html
JUMIA,EGP 99.99 - EGP 125.00,50%,3.3 out of 5,Solo Set Of (5) Ankle Socks - For Kids,https://www.jumia.com.eg/solo-set-of-5-ankle-socks-for-kids-34162084.html
JUMIA,EGP 248.00,50%,5 out of 5,Ktk Red Pullover With Hood For Girls,https://www.jumia.com.eg/red-pullover-with-hood-for-girls-ktk-mpg1014822.html
JUMIA,EGP 700.00,No Discount found,4.6 out of 5,"Modern Home R_120 Decor Rack For Books, Decoration And Accessories - Black",https://www.jumia.com.eg/modern-home-r120-decor-rack-for-books-decoration-and-accessories-black-20847719.html
JUMIA,"EGP 68,000.00",No Discount found,No Rate found,Pioneer 9″ HD Capacitive “Floating” Touch-screen Wireless,https://www.jumia.com.eg/pioneer-9-hd-capacitive-floating-touch-screen-wireless-41172944.html
JUMIA,EGP 62.90,Official Store,4.7 out of 5,Cottonil Round Neck Plain White Short Sleeves Undershirt,https://www.jumia.com.eg/cottonil-round-neck-plain-white-short-sleeves-undershirt-32655743.html
JUMIA,EGP 330.00,45%,3.5 out of 5,Disney Minnie And Daisy Cotton Set Pajama Pink And Yellow From Disney,https://www.jumia.com.eg/disney-minnie-and-daisy-cotton-set-pajama-pink-and-yellow-from-disney-34967926.html
JUMIA,EGP 79.99,52%,2.5 out of 5,Taha Offer Metal Clothes Hanger With Silicone Layer 10 Pieces,https://www.jumia.com.eg/generic-taha-offer-metal-clothes-hanger-with-silicone-layer-10-pieces-29990914.html
JUMIA,EGP 399.00,20%,No Rate found,Winter Women Pajamas,https://www.jumia.com.eg/generic-winter-women-pajamas-48745377.html
JUMIA,"EGP 44,000.00",No Discount found,No Rate found,Sherif Gemstones Collectors Polished Green Fluorite Quartz Loose Gemstone,https://www.jumia.com.eg/sherif-gemstones-collectors-polished-green-fluorite-quartz-loose-gemstone-27092278.html
JUMIA,EGP 100.00,42%,4.3 out of 5,Al Wedad Baby Bodysuit White (3 PCs) - HALF SLEEVES,https://www.jumia.com.eg/al-wedad-baby-bodysuit-white-3-pcs-half-sleeves-22543271.html
JUMIA,EGP 119.99 - EGP 149.99,40%,5 out of 5,Solo Set Of (6) Ankle Socks - For Kids,https://www.jumia.com.eg/solo-set-of-6-ankle-socks-for-kids-25036401.html
JUMIA,"EGP 55,500.00",No Discount found,No Rate found,Apple IPadPro11M2 4th Wi-Fi. 128GB SpaceGray,https://www.jumia.com.eg/apple-ipadpro11m2-4th-wi-fi.-128gb-spacegray-45386073.html
JUMIA,EGP 160.00,36%,4.3 out of 5,Tank Me Water Bottle - 650 Ml - Pink,https://www.jumia.com.eg/tank-me-water-bottle-650-ml-pink-21067954.html
JUMIA,EGP 279.00,30%,4.7 out of 5,Diadora Slim Winter Cotton Girl Sweatpant - Navy,https://www.jumia.com.eg/diadora-slim-winter-cotton-girl-sweatpant-navy-15276283.html
JUMIA,EGP 325.00,40%,4 out of 5,Winter Boys Pajama Set,https://www.jumia.com.eg/winter-boys-pajama-set-generic-mpg901386.html
JUMIA,EGP 74.99,21%,5 out of 5,Joy Plast 2 PCs Kids Dish-nut And Breakfast Plate - Five Divided,https://www.jumia.com.eg/joy-plast-2-pcs-kids-dish-nut-and-breakfast-plate-five-divided-37618123.html
JUMIA,EGP 390.00,35%,5 out of 5,Disney Minnie Mouse Disney Pajama,https://www.jumia.com.eg/disney-minnie-mouse-disney-pajama-34389046.html
JUMIA,EGP 85.00,29%,4.7 out of 5,Honor Choice Earbuds X Silicone Protective Cover (BlACK ),https://www.jumia.com.eg/honor-choice-earbuds-x-silicone-protective-cover-black-generic-mpg880942.html
JUMIA,EGP 290.00,55%,4.3 out of 5,Door Bar Gym - 100 Kg,https://www.jumia.com.eg/door-bar-gym-120-kg-generic-mpg113535.html
JUMIA,EGP 350.00,No Discount found,5 out of 5,Junior Baby Girls Set,https://www.jumia.com.eg/junior-baby-girls-set-49091432.html
JUMIA,"EGP 8,400.00",Shipped from abroad,No Rate found,Oem Automatically Deal Cards Machine - V3,https://www.jumia.com.eg/oem-automatically-deal-cards-machine-v3-50613420.html
JUMIA,EGP 47.00,Shipped from abroad,No Rate found,Magnetic Metal Earphones Super Bass Stereo Earbuds Sweatproof Headsets Earsets,https://www.jumia.com.eg/generic-magnetic-metal-earphones-super-bass-stereo-earbuds-sweatproof-headsets-earsets-19353871.html
JUMIA,EGP 106.00,No Discount found,4 out of 5,JSAUX USB C To USB A Cable CC0001 1mblack,https://www.jumia.com.eg/jsaux-usb-c-to-usb-a-cable-cc0001-1mblack-48611385.html
JUMIA,EGP 390.00,35%,5 out of 5,Disney Cinderella Girl Pajama,https://www.jumia.com.eg/disney-cinderella-girl-pajama-34388960.html
JUMIA,EGP 20.00,Out of Stock,4.7 out of 5,Sofra Roasted Bags – Large – 5 PCs,https://www.jumia.com.eg/roasted-bags-large-5-pcs-sofra-mpg859880.html
NOON,EGP No price found,No Discount found,No Rate found,No Name found,No Link found
NOON,"EGP 1,799",10% Off,4.2,JOYROOM 220.0mAh Classic Series ……,https://www.noon.com/egypt-en/220-0-mah-classic-series-waterproof-ip68-call-function-health-monitoring-hd-display-smart-watch-220mah-with-leather-straps-black/N53379990A/p/?o=dc3567125a3c71dc&gclid=Cj0KCQiAhomtBhDgARIsABcaYylLRnSwoSrKZbbdAAkG5BRn1KaidgQ2f6hww7II-QZy8OIkzKj5l4AaAnbbEALw_wcB&utm_campaign=C1000151355N_eg_en_web_searchxxexactandphrasexxbrandpurexx08082022_noon_web_c1000088l_acquisition_sembranded_&utm_medium=cpc&utm_source=C1000088L
NOON,EGP 749,42% Off,3.8,"realme Techlife WatchSz100 1.69"" Hd Displ……",https://www.noon.com/egypt-en/techlife-watch-sz100-1-69-hd-display-with-temperature-sensor-smartwatch-gray-strap-free-size-grey/N53376354A/p/?o=db7d30182e94532d&gclid=Cj0KCQiAhomtBhDgARIsABcaYylLRnSwoSrKZbbdAAkG5BRn1KaidgQ2f6hww7II-QZy8OIkzKj5l4AaAnbbEALw_wcB&utm_campaign=C1000151355N_eg_en_web_searchxxexactandphrasexxbrandpurexx08082022_noon_web_c1000088l_acquisition_sembranded_&utm_medium=cpc&utm_source=C1000088L
NOON,"EGP 1,125",40% Off,No Rate found,W&O X9 ULTRA 2Series 9 Wearfit Pro ……,https://www.noon.com/egypt-en/x9-ultra-2-series-9-wearfit-pro-2024-smartwatch-2-2-inch-super-amoled-display-480x320-open-ai-chat-gpt-gps-nfc-bluetooth-v5-call-wireless-charger-black/ZFC9798ACAF25E153002FZ/p/?o=zfc9798acaf25e153002fz-1&gclid=Cj0KCQiAhomtBhDgARIsABcaYylLRnSwoSrKZbbdAAkG5BRn1KaidgQ2f6hww7II-QZy8OIkzKj5l4AaAnbbEALw_wcB&utm_campaign=C1000151355N_eg_en_web_searchxxexactandphrasexxbrandpurexx08082022_noon_web_c1000088l_acquisition_sembranded_&utm_medium=cpc&utm_source=C1000088L
NOON,EGP 699,63% Off,No Rate found,Generic HM Ultra2Smart Watch Waterp……,https://www.noon.com/egypt-en/hm-ultra2-smart-watch-waterproof-wireless-charger/Z6405D6D78DA45F5F6C37Z/p/?o=z6405d6d78da45f5f6c37z-1&gclid=Cj0KCQiAhomtBhDgARIsABcaYylLRnSwoSrKZbbdAAkG5BRn1KaidgQ2f6hww7II-QZy8OIkzKj5l4AaAnbbEALw_wcB&utm_campaign=C1000151355N_eg_en_web_searchxxexactandphrasexxbrandpurexx08082022_noon_web_c1000088l_acquisition_sembranded_&utm_medium=cpc&utm_source=C1000088L
NOON,"EGP 1,125",43% Off,No Rate found,W&O X9 ULTRA 2Series 9 Wearfit Pro ……,https://www.noon.com/egypt-en/x9-ultra-2-series-9-wearfit-pro-2024-smartwatch-2-2-inch-super-amoled-display-480x320-open-ai-chat-gpt-gps-nfc-bluetooth-v5-call-wireless-charger-orange/Z568F1D9D2D120E17603DZ/p/?o=z568f1d9d2d120e17603dz-1&gclid=Cj0KCQiAhomtBhDgARIsABcaYylLRnSwoSrKZbbdAAkG5BRn1KaidgQ2f6hww7II-QZy8OIkzKj5l4AaAnbbEALw_wcB&utm_campaign=C1000151355N_eg_en_web_searchxxexactandphrasexxbrandpurexx08082022_noon_web_c1000088l_acquisition_sembranded_&utm_medium=cpc&utm_source=C1000088L
NOON,"EGP 1,199",20% Off,4.2,JOYROOM ClassicSeries Smart Watch ……,https://www.noon.com/egypt-en/classic-series-smart-watch-can-make-and-answer-calls-fitness-tracker-heart-rate-sleep-quality-monitor-round-smart-watch-ip68-waterproof-watch-compatible-with-iphone-android-phone-men-women-dark-grey/N53375133A/p/?o=eb5dc097b16e862a&gclid=Cj0KCQiAhomtBhDgARIsABcaYylLRnSwoSrKZbbdAAkG5BRn1KaidgQ2f6hww7II-QZy8OIkzKj5l4AaAnbbEALw_wcB&utm_campaign=C1000151355N_eg_en_web_searchxxexactandphrasexxbrandpurexx08082022_noon_web_c1000088l_acquisition_sembranded_&utm_medium=cpc&utm_source=C1000088L
NOON,EGP 199,37% Off,2.3,Generic 116PlusFitness Smartwatch ……,https://www.noon.com/egypt-en/116plus-fitness-smartwatch-black/N39768703A/p/?o=e6c3f796771667ac&gclid=Cj0KCQiAhomtBhDgARIsABcaYylLRnSwoSrKZbbdAAkG5BRn1KaidgQ2f6hww7II-QZy8OIkzKj5l4AaAnbbEALw_wcB&utm_campaign=C1000151355N_eg_en_web_searchxxexactandphrasexxbrandpurexx08082022_noon_web_c1000088l_acquisition_sembranded_&utm_medium=cpc&utm_source=C1000088L
NOON,EGP 340,43% Off,3.1,Generic 300.0 mAhT500 Series 5 Color……,https://www.noon.com/egypt-en/300-0-mah-t500-series-5-color-screen-message-reminder-health-monitor-ip67-waterproof-sport-tracker-intelligent-watch-black/N40916305A/p/?o=e92f205aede5f66c&gclid=Cj0KCQiAhomtBhDgARIsABcaYylLRnSwoSrKZbbdAAkG5BRn1KaidgQ2f6hww7II-QZy8OIkzKj5l4AaAnbbEALw_wcB&utm_campaign=C1000151355N_eg_en_web_searchxxexactandphrasexxbrandpurexx08082022_noon_web_c1000088l_acquisition_sembranded_&utm_medium=cpc&utm_source=C1000088L
NOON,EGP 889,33% Off,4.3,"Oraimo Smart WatchOSW-18, Dark Chro……",https://www.noon.com/egypt-en/smart-watch-osw-18-dark-chrome-black/N70009786V/p/?o=a22cdefaef3b2c2b&gclid=Cj0KCQiAhomtBhDgARIsABcaYylLRnSwoSrKZbbdAAkG5BRn1KaidgQ2f6hww7II-QZy8OIkzKj5l4AaAnbbEALw_wcB&utm_campaign=C1000151355N_eg_en_web_searchxxexactandphrasexxbrandpurexx08082022_noon_web_c1000088l_acquisition_sembranded_&utm_medium=cpc&utm_source=C1000088L
NOON,"EGP 2,399",12% Off,4.6,"HUAWEI Band 8Smart Watch, Ultra-t……",https://www.noon.com/egypt-en/band-8-smart-watch-ultra-thin-design-scientific-sleeping-tracking-long-battery-life-sakura-pink/N53406349A/p/?o=f3e0a2324332a8bd&gclid=Cj0KCQiAhomtBhDgARIsABcaYylLRnSwoSrKZbbdAAkG5BRn1KaidgQ2f6hww7II-QZy8OIkzKj5l4AaAnbbEALw_wcB&utm_campaign=C1000151355N_eg_en_web_searchxxexactandphrasexxbrandpurexx08082022_noon_web_c1000088l_acquisition_sembranded_&utm_medium=cpc&utm_source=C1000088L
NOON,EGP 525,64% Off,3.1,Hlwatch PRO T800Ultra Series 8 (2023……,https://www.noon.com/egypt-en/t800-ultra-series-8-2023-smart-watch-1-99-inch-ips-display-nfc-bluetooth-v5-call-waterproof-ip67-wireless-charger-black/Z0C42599FE39E22BC8BF8Z/p/?o=z0c42599fe39e22bc8bf8z-1&gclid=Cj0KCQiAhomtBhDgARIsABcaYylLRnSwoSrKZbbdAAkG5BRn1KaidgQ2f6hww7II-QZy8OIkzKj5l4AaAnbbEALw_wcB&utm_campaign=C1000151355N_eg_en_web_searchxxexactandphrasexxbrandpurexx08082022_noon_web_c1000088l_acquisition_sembranded_&utm_medium=cpc&utm_source=C1000088L
NOON,EGP 999,37% Off,4.1,W&O X8+ Plus UltraSeries 8 Wearfit PR……,https://www.noon.com/egypt-en/x8-plus-ultra-series-8-wearfit-pro-2023-smart-watch-2-08-inch-ips-display-nfc-bluetooth-v5-call-wireless-charger-black/Z78785744DBBB0360AC57Z/p/?o=z78785744dbbb0360ac57z-1&gclid=Cj0KCQiAhomtBhDgARIsABcaYylLRnSwoSrKZbbdAAkG5BRn1KaidgQ2f6hww7II-QZy8OIkzKj5l4AaAnbbEALw_wcB&utm_campaign=C1000151355N_eg_en_web_searchxxexactandphrasexxbrandpurexx08082022_noon_web_c1000088l_acquisition_sembranded_&utm_medium=cpc&utm_source=C1000088L
NOON,"EGP 1,599",27% Off,4.9,imilab W01 FitnessSmart Watch - Rose ……,https://www.noon.com/egypt-en/w01-fitness-smart-watch-rose-gold/ZD82BAF9F3ED736EA629CZ/p/?o=zd82baf9f3ed736ea629cz-1&gclid=Cj0KCQiAhomtBhDgARIsABcaYylLRnSwoSrKZbbdAAkG5BRn1KaidgQ2f6hww7II-QZy8OIkzKj5l4AaAnbbEALw_wcB&utm_campaign=C1000151355N_eg_en_web_searchxxexactandphrasexxbrandpurexx08082022_noon_web_c1000088l_acquisition_sembranded_&utm_medium=cpc&utm_source=C1000088L
NOON,"EGP 1,350",46% Off,4.6,Wearfit Pro X9 UltraSeries 8 Smart watc……,https://www.noon.com/egypt-en/x9-ultra-series-8-smart-watch-2-02-inch-amoled-screen-ips-display-nfc-bluetooth-v5-call-waterproof-ip67-wireless-charger-orange/Z5825418938C7081E100FZ/p/?o=z5825418938c7081e100fz-1&gclid=Cj0KCQiAhomtBhDgARIsABcaYylLRnSwoSrKZbbdAAkG5BRn1KaidgQ2f6hww7II-QZy8OIkzKj5l4AaAnbbEALw_wcB&utm_campaign=C1000151355N_eg_en_web_searchxxexactandphrasexxbrandpurexx08082022_noon_web_c1000088l_acquisition_sembranded_&utm_medium=cpc&utm_source=C1000088L
NOON,"EGP 1,499",33% Off,3.9,JOYROOM SmartWatch Answer Make……,https://www.noon.com/egypt-en/smart-watch-answer-make-calls-1-85-inch-fitness-tracker-with-bluetooth-dial-calls-heart-rate-sleep-monitor-pedometer-ip68-waterproof-for-android-phones-black/N53389992A/p/?o=f64eed2c06d1937a&gclid=Cj0KCQiAhomtBhDgARIsABcaYylLRnSwoSrKZbbdAAkG5BRn1KaidgQ2f6hww7II-QZy8OIkzKj5l4AaAnbbEALw_wcB&utm_campaign=C1000151355N_eg_en_web_searchxxexactandphrasexxbrandpurexx08082022_noon_web_c1000088l_acquisition_sembranded_&utm_medium=cpc&utm_source=C1000088L
NOON,EGP 999,37% Off,4.2,W&O X8+ Plus UltraSeries 8 (2023) Sma……,https://www.noon.com/egypt-en/x8-plus-ultra-series-8-2023-smart-watch-2-08-inch-ips-display-nfc-bluetooth-v5-wireless-charger/ZDC582822807A334DD010Z/p/?o=zdc582822807a334dd010z-1&gclid=Cj0KCQiAhomtBhDgARIsABcaYylLRnSwoSrKZbbdAAkG5BRn1KaidgQ2f6hww7II-QZy8OIkzKj5l4AaAnbbEALw_wcB&utm_campaign=C1000151355N_eg_en_web_searchxxexactandphrasexxbrandpurexx08082022_noon_web_c1000088l_acquisition_sembranded_&utm_medium=cpc&utm_source=C1000088L
NOON,"EGP 4,258",11% Off,4.5,Xiaomi Redmi SmartWatch 3 1.75 Inch A……,https://www.noon.com/egypt-en/redmi-smart-watch-3-1-75-inch-amoled-touch-display-5atm-water-resistant-12-days-battery-life-gps-120-workout-mode-heart-rate-monitor-calorie-consumption-fitness-activity-tracker-black/N53398758A/p/?o=fe35389472fd15bb&gclid=Cj0KCQiAhomtBhDgARIsABcaYylLRnSwoSrKZbbdAAkG5BRn1KaidgQ2f6hww7II-QZy8OIkzKj5l4AaAnbbEALw_wcB&utm_campaign=C1000151355N_eg_en_web_searchxxexactandphrasexxbrandpurexx08082022_noon_web_c1000088l_acquisition_sembranded_&utm_medium=cpc&utm_source=C1000088L
NOON,"EGP 37,950",No Discount found,4.8,"HUAWEI WATCH 4Pro Smartwatch, Sp……",https://www.noon.com/egypt-en/watch-4-pro-smartwatch-spherical-sapphire-glass-health-at-a-glance-esim-cellular-calling-fresh-new-activity-rings-21-day-battery-life-ecg-analysis-compatible-with-andriod-ios-titanium-silver/N53410543A/p/?o=deb20547c8cd2edb&gclid=Cj0KCQiAhomtBhDgARIsABcaYylLRnSwoSrKZbbdAAkG5BRn1KaidgQ2f6hww7II-QZy8OIkzKj5l4AaAnbbEALw_wcB&utm_campaign=C1000151355N_eg_en_web_searchxxexactandphrasexxbrandpurexx08082022_noon_web_c1000088l_acquisition_sembranded_&utm_medium=cpc&utm_source=C1000088L
NOON,EGP 360,40% Off,3.1,T500 Bluetooth FullTouch Call Smartwat……,https://www.noon.com/egypt-en/bluetooth-full-touch-call-smartwatch-with-replaceable-strap-black/N43241184A/p/?o=e73f511b67286a9f&gclid=Cj0KCQiAhomtBhDgARIsABcaYylLRnSwoSrKZbbdAAkG5BRn1KaidgQ2f6hww7II-QZy8OIkzKj5l4AaAnbbEALw_wcB&utm_campaign=C1000151355N_eg_en_web_searchxxexactandphrasexxbrandpurexx08082022_noon_web_c1000088l_acquisition_sembranded_&utm_medium=cpc&utm_source=C1000088L
NOON,"EGP 1,199",20% Off,4.0,JOYROOM 300mAhJR-FT5 Fit-Life Smar……,https://www.noon.com/egypt-en/300mah-jr-ft5-fit-life-smart-watch-can-make-and-answer-calls-1-83-inch-hd-screen-80-sports-modes-fitness-monitor-health-monitor-monitor-blood-oxygen-blood-pressure-heart-rate-pressure-sleep-monitoring-message-reminder-smart-watch-suitable-for-men-wom/N53369921A/p/?o=bc2534f8671977be&gclid=Cj0KCQiAhomtBhDgARIsABcaYylLRnSwoSrKZbbdAAkG5BRn1KaidgQ2f6hww7II-QZy8OIkzKj5l4AaAnbbEALw_wcB&utm_campaign=C1000151355N_eg_en_web_searchxxexactandphrasexxbrandpurexx08082022_noon_web_c1000088l_acquisition_sembranded_&utm_medium=cpc&utm_source=C1000088L
NOON,EGP 995,25% Off,3.9,JOYROOM 250mAhJR-FT3 PRO Brand ……,https://www.noon.com/egypt-en/250mah-jr-ft3-pro-brand-new-upgraded-smart-watch-bluetooth-call-support-fitness-tracker-20-sports-modes-heart-rate-sleep-tracker-customizable-dial-ip68-waterproof-smart-watch-for-men-women-smart-watch-compatible-with-iphone-android-phone-dark-grey/N53352568A/p/?o=e99deceaa251afcd&gclid=Cj0KCQiAhomtBhDgARIsABcaYylLRnSwoSrKZbbdAAkG5BRn1KaidgQ2f6hww7II-QZy8OIkzKj5l4AaAnbbEALw_wcB&utm_campaign=C1000151355N_eg_en_web_searchxxexactandphrasexxbrandpurexx08082022_noon_web_c1000088l_acquisition_sembranded_&utm_medium=cpc&utm_source=C1000088L
NOON,EGP 488,No Discount found,3.2,Hiwatch PRO T800Ultra Smart Watch H……,https://www.noon.com/egypt-en/t800-ultra-smart-watch-hd-touch-screen-fitness-tracker-spo2-heart-rate-monitor-voice-assistant-power-saving-sports-mode-ip67-waterproof/ZC286A7B9A80A39DCDC06Z/p/?o=zc286a7b9a80a39dcdc06z-1&gclid=Cj0KCQiAhomtBhDgARIsABcaYylLRnSwoSrKZbbdAAkG5BRn1KaidgQ2f6hww7II-QZy8OIkzKj5l4AaAnbbEALw_wcB&utm_campaign=C1000151355N_eg_en_web_searchxxexactandphrasexxbrandpurexx08082022_noon_web_c1000088l_acquisition_sembranded_&utm_medium=cpc&utm_source=C1000088L
NOON,"EGP 3,150",21% Off,3.4,Haino Teko RW37Watch Buds With La……,https://www.noon.com/egypt-en/rw37-watch-buds-with-large-screen-round-shape-amoled-display-smart-watch-and-bluetooth-earbuds-with-2-pair-straps/ZBA9989C6DA6C5D45B99FZ/p/?o=zba9989c6da6c5d45b99fz-1&gclid=Cj0KCQiAhomtBhDgARIsABcaYylLRnSwoSrKZbbdAAkG5BRn1KaidgQ2f6hww7II-QZy8OIkzKj5l4AaAnbbEALw_wcB&utm_campaign=C1000151355N_eg_en_web_searchxxexactandphrasexxbrandpurexx08082022_noon_web_c1000088l_acquisition_sembranded_&utm_medium=cpc&utm_source=C1000088L
NOON,EGP 320,46% Off,2.7,Generic Smart WatchT55 Rose …,https://www.noon.com/egypt-en/smart-watch-t55-rose/N48609204A/p/?o=c9d100b15e32a23b&gclid=Cj0KCQiAhomtBhDgARIsABcaYylLRnSwoSrKZbbdAAkG5BRn1KaidgQ2f6hww7II-QZy8OIkzKj5l4AaAnbbEALw_wcB&utm_campaign=C1000151355N_eg_en_web_searchxxexactandphrasexxbrandpurexx08082022_noon_web_c1000088l_acquisition_sembranded_&utm_medium=cpc&utm_source=C1000088L
NOON,"EGP 1,799",38% Off,4.6,realme TechLifeWatch R100 RMW21……,https://www.noon.com/egypt-en/techlife-watch-r100-rmw2106-smart-watch-grey-aluminum-case-with-grey-silicone-strap-grey/N70009783V/p/?o=ce0e734f6e96bd8c&gclid=Cj0KCQiAhomtBhDgARIsABcaYylLRnSwoSrKZbbdAAkG5BRn1KaidgQ2f6hww7II-QZy8OIkzKj5l4AaAnbbEALw_wcB&utm_campaign=C1000151355N_eg_en_web_searchxxexactandphrasexxbrandpurexx08082022_noon_web_c1000088l_acquisition_sembranded_&utm_medium=cpc&utm_source=C1000088L
NOON,"EGP 8,249",14% Off,4.4,Amazfit GTR 4 SmartWatch Android iPho……,https://www.noon.com/egypt-en/gtr-4-smart-watch-android-iphone-dual-band-gps-alexa-built-in-bluetooth-calls-150-sports-modes-1-43-amoled-display-superspeed-black/N53351834A/p/?o=f92a0d30b64c5a0a&gclid=Cj0KCQiAhomtBhDgARIsABcaYylLRnSwoSrKZbbdAAkG5BRn1KaidgQ2f6hww7II-QZy8OIkzKj5l4AaAnbbEALw_wcB&utm_campaign=C1000151355N_eg_en_web_searchxxexactandphrasexxbrandpurexx08082022_noon_web_c1000088l_acquisition_sembranded_&utm_medium=cpc&utm_source=C1000088L
NOON,"EGP 4,079",15% Off,4.6,Xiaomi Redmi SmartWatch 3 1.75 Inch A……,https://www.noon.com/egypt-en/redmi-smart-watch-3-1-75-inch-amoled-touch-display-5atm-water-resistant-12-days-battery-life-gps-120-workout-mode-heart-rate-monitor-calorie-consumption-fitness-activity-tracker-ivory/N53398759A/p/?o=bcae24af79858e9c&gclid=Cj0KCQiAhomtBhDgARIsABcaYylLRnSwoSrKZbbdAAkG5BRn1KaidgQ2f6hww7II-QZy8OIkzKj5l4AaAnbbEALw_wcB&utm_campaign=C1000151355N_eg_en_web_searchxxexactandphrasexxbrandpurexx08082022_noon_web_c1000088l_acquisition_sembranded_&utm_medium=cpc&utm_source=C1000088L
NOON,EGP 999,35% Off,4.2,Oraimo Watch 2 ProOSW-32 BT Call Qui……,https://www.noon.com/egypt-en/watch-2-pro-osw-32-bt-call-quickly-reply-health-monitor-smart-watch-black/N70019579V/p/?o=bc1d43d97b3490bb&gclid=Cj0KCQiAhomtBhDgARIsABcaYylLRnSwoSrKZbbdAAkG5BRn1KaidgQ2f6hww7II-QZy8OIkzKj5l4AaAnbbEALw_wcB&utm_campaign=C1000151355N_eg_en_web_searchxxexactandphrasexxbrandpurexx08082022_noon_web_c1000088l_acquisition_sembranded_&utm_medium=cpc&utm_source=C1000088L
NOON,"EGP 1,598",20% Off,4.4,Oraimo Watch 2ROSW-30 Smart Watc……,https://www.noon.com/egypt-en/watch-2r-osw-30-smart-watch-with-silicone-strap-black/N70017547V/p/?o=aee99a3da7d9697f&gclid=Cj0KCQiAhomtBhDgARIsABcaYylLRnSwoSrKZbbdAAkG5BRn1KaidgQ2f6hww7II-QZy8OIkzKj5l4AaAnbbEALw_wcB&utm_campaign=C1000151355N_eg_en_web_searchxxexactandphrasexxbrandpurexx08082022_noon_web_c1000088l_acquisition_sembranded_&utm_medium=cpc&utm_source=C1000088L
NOON,EGP 335,16% Off,2.9,T55 Series 5 SmartWatch With Replace……,https://www.noon.com/egypt-en/series-5-smart-watch-with-replaceable-strap-black/N39843847A/p/?o=d7aea3f218cbd26c&gclid=Cj0KCQiAhomtBhDgARIsABcaYylLRnSwoSrKZbbdAAkG5BRn1KaidgQ2f6hww7II-QZy8OIkzKj5l4AaAnbbEALw_wcB&utm_campaign=C1000151355N_eg_en_web_searchxxexactandphrasexxbrandpurexx08082022_noon_web_c1000088l_acquisition_sembranded_&utm_medium=cpc&utm_source=C1000088L
NOON,EGP 599,50% Off,4.1,Nabi NabI Z7A KidsSmart Watch - Green …,https://www.noon.com/egypt-en/nabi-z7a-kids-smart-watch-green/Z259D9F841E8897FF73FEZ/p/?o=z259d9f841e8897ff73fez-1&gclid=Cj0KCQiAhomtBhDgARIsABcaYylLRnSwoSrKZbbdAAkG5BRn1KaidgQ2f6hww7II-QZy8OIkzKj5l4AaAnbbEALw_wcB&utm_campaign=C1000151355N_eg_en_web_searchxxexactandphrasexxbrandpurexx08082022_noon_web_c1000088l_acquisition_sembranded_&utm_medium=cpc&utm_source=C1000088L
NOON,"EGP 1,650",17% Off,5.0,Generic HELLO 9SMART WATCH ora……,https://www.noon.com/egypt-en/hello-9-smart-watch-orange/Z617D78580A7F263DEA61Z/p/?o=z617d78580a7f263dea61z-1&gclid=Cj0KCQiAhomtBhDgARIsABcaYylLRnSwoSrKZbbdAAkG5BRn1KaidgQ2f6hww7II-QZy8OIkzKj5l4AaAnbbEALw_wcB&utm_campaign=C1000151355N_eg_en_web_searchxxexactandphrasexxbrandpurexx08082022_noon_web_c1000088l_acquisition_sembranded_&utm_medium=cpc&utm_source=C1000088L
NOON,"EGP 2,450",16% Off,3.8,realme Techlife WatchR100 1.32Inch Metall……,https://www.noon.com/egypt-en/techlife-watch-r100-1-32inch-metallic-dial-smartwatch-black-strap-free-size-black/N53376237A/p/?o=b4a3e94182e3a13a&gclid=Cj0KCQiAhomtBhDgARIsABcaYylLRnSwoSrKZbbdAAkG5BRn1KaidgQ2f6hww7II-QZy8OIkzKj5l4AaAnbbEALw_wcB&utm_campaign=C1000151355N_eg_en_web_searchxxexactandphrasexxbrandpurexx08082022_noon_web_c1000088l_acquisition_sembranded_&utm_medium=cpc&utm_source=C1000088L
NOON,"EGP 3,199",24% Off,4.6,HUAWEI WATCH FITSpecial Edition Smar……,https://www.noon.com/egypt-en/watch-fit-special-edition-smart-watch-1-64-inch-hd-amoled-display-built-in-gps-scientific-sleep-tracking-quick-replies-for-third-party-apps-compatible-with-android-ios-devices-forest-green/N53420481A/p/?o=e52863fb6f27b25c&gclid=Cj0KCQiAhomtBhDgARIsABcaYylLRnSwoSrKZbbdAAkG5BRn1KaidgQ2f6hww7II-QZy8OIkzKj5l4AaAnbbEALw_wcB&utm_campaign=C1000151355N_eg_en_web_searchxxexactandphrasexxbrandpurexx08082022_noon_web_c1000088l_acquisition_sembranded_&utm_medium=cpc&utm_source=C1000088L
NOON,EGP 199,21% Off,2.0,Generic 119Plus IP67Waterproof Multi-Fu……,https://www.noon.com/egypt-en/119plus-ip67-waterproof-multi-function-smartwatch-for-ios-android-phones-black/N41408608A/p/?o=f5684d2d8fd44cff&gclid=Cj0KCQiAhomtBhDgARIsABcaYylLRnSwoSrKZbbdAAkG5BRn1KaidgQ2f6hww7II-QZy8OIkzKj5l4AaAnbbEALw_wcB&utm_campaign=C1000151355N_eg_en_web_searchxxexactandphrasexxbrandpurexx08082022_noon_web_c1000088l_acquisition_sembranded_&utm_medium=cpc&utm_source=C1000088L
NOON,"EGP 1,850",26% Off,4.0,Telzeal Telzeal Ultra 2Amoled screen 2.2 i……,https://www.noon.com/egypt-en/telzeal-ultra-2-amoled-screen-2-2-inch-smart-watch-49mm-with-3-strap/ZFB5746052726BB94FAEAZ/p/?o=zfb5746052726bb94faeaz-1&gclid=Cj0KCQiAhomtBhDgARIsABcaYylLRnSwoSrKZbbdAAkG5BRn1KaidgQ2f6hww7II-QZy8OIkzKj5l4AaAnbbEALw_wcB&utm_campaign=C1000151355N_eg_en_web_searchxxexactandphrasexxbrandpurexx08082022_noon_web_c1000088l_acquisition_sembranded_&utm_medium=cpc&utm_source=C1000088L
NOON,"EGP 2,299",15% Off,4.4,"HUAWEI Band 8Smart Watch, Ultra-T……",https://www.noon.com/egypt-en/band-8-smart-watch-ultra-thin-design-scientific-sleeping-tracking-long-battery-life-midnight-black/N53406348A/p/?o=ff1b00ac73998e9e&gclid=Cj0KCQiAhomtBhDgARIsABcaYylLRnSwoSrKZbbdAAkG5BRn1KaidgQ2f6hww7II-QZy8OIkzKj5l4AaAnbbEALw_wcB&utm_campaign=C1000151355N_eg_en_web_searchxxexactandphrasexxbrandpurexx08082022_noon_web_c1000088l_acquisition_sembranded_&utm_medium=cpc&utm_source=C1000088L
NOON,"EGP 1,099",21% Off,5.0,Wearfit Pro X9 Pro 2(Super AMOLED) Sc……,https://www.noon.com/egypt-en/x9-pro-2-super-amoled-screen-smart-watch-45mm-2-02inch-screen-space-aluminum-case/ZEDF5BCB5F2912C5039ECZ/p/?o=zedf5bcb5f2912c5039ecz-1&gclid=Cj0KCQiAhomtBhDgARIsABcaYylLRnSwoSrKZbbdAAkG5BRn1KaidgQ2f6hww7II-QZy8OIkzKj5l4AaAnbbEALw_wcB&utm_campaign=C1000151355N_eg_en_web_searchxxexactandphrasexxbrandpurexx08082022_noon_web_c1000088l_acquisition_sembranded_&utm_medium=cpc&utm_source=C1000088L
NOON,EGP 995,48% Off,4.0,Wearfit Pro X8+ PlusUltra Series 8 Smart ……,https://www.noon.com/egypt-en/x8-plus-ultra-series-8-smart-watch-2-08-inch-ips-display-nfc-bluetooth-v5-call-waterproof-ip67-wireless-charger-gold/ZDF6AC34812951043A7DEZ/p/?o=zdf6ac34812951043a7dez-1&gclid=Cj0KCQiAhomtBhDgARIsABcaYylLRnSwoSrKZbbdAAkG5BRn1KaidgQ2f6hww7II-QZy8OIkzKj5l4AaAnbbEALw_wcB&utm_campaign=C1000151355N_eg_en_web_searchxxexactandphrasexxbrandpurexx08082022_noon_web_c1000088l_acquisition_sembranded_&utm_medium=cpc&utm_source=C1000088L
NOON,EGP 950,No Discount found,No Rate found,"ORAFIT Orafit MegaSmart Watch,1.55""In……",https://www.noon.com/egypt-en/orafit-mega-smart-watch-1-55-inch-color-screen-5atm-water-resistant-sport-tracking-bluetooth-lightweight-smart-watch-with-long-battery-life-gray/Z2A6D23CECEBB43AF7AF0Z/p/?o=z2a6d23cecebb43af7af0z-1&gclid=Cj0KCQiAhomtBhDgARIsABcaYylLRnSwoSrKZbbdAAkG5BRn1KaidgQ2f6hww7II-QZy8OIkzKj5l4AaAnbbEALw_wcB&utm_campaign=C1000151355N_eg_en_web_searchxxexactandphrasexxbrandpurexx08082022_noon_web_c1000088l_acquisition_sembranded_&utm_medium=cpc&utm_source=C1000088L
NOON,"EGP 1,159",33% Off,3.8,CHOETECH WT001Smart Watch 1.91-inc……,https://www.noon.com/egypt-en/wt001-smart-watch-1-91-inch-hd-display-with-bluetooth-call-and-intelligent-health-monitoring-7-days-battery-life-ip67-water-resistant-black/N70014700V/p/?o=dfd1827acd84b48f&gclid=Cj0KCQiAhomtBhDgARIsABcaYylLRnSwoSrKZbbdAAkG5BRn1KaidgQ2f6hww7II-QZy8OIkzKj5l4AaAnbbEALw_wcB&utm_campaign=C1000151355N_eg_en_web_searchxxexactandphrasexxbrandpurexx08082022_noon_web_c1000088l_acquisition_sembranded_&utm_medium=cpc&utm_source=C1000088L
NOON,"EGP 1,449",28% Off,4.3,realme 390 mAhWatch 2 PRO Neo G……,https://www.noon.com/egypt-en/390-mah-watch-2-pro-neo-grey-space-grey/N49920616A/p/?o=a57625a348c2c56b&gclid=Cj0KCQiAhomtBhDgARIsABcaYylLRnSwoSrKZbbdAAkG5BRn1KaidgQ2f6hww7II-QZy8OIkzKj5l4AaAnbbEALw_wcB&utm_campaign=C1000151355N_eg_en_web_searchxxexactandphrasexxbrandpurexx08082022_noon_web_c1000088l_acquisition_sembranded_&utm_medium=cpc&utm_source=C1000088L
NOON,EGP 399,No Discount found,No Rate found,Generic Smart WatchT5S …,https://www.noon.com/egypt-en/smart-watch-t5s/ZA72210021048CA247BC6Z/p/?o=za72210021048ca247bc6z-1&gclid=Cj0KCQiAhomtBhDgARIsABcaYylLRnSwoSrKZbbdAAkG5BRn1KaidgQ2f6hww7II-QZy8OIkzKj5l4AaAnbbEALw_wcB&utm_campaign=C1000151355N_eg_en_web_searchxxexactandphrasexxbrandpurexx08082022_noon_web_c1000088l_acquisition_sembranded_&utm_medium=cpc&utm_source=C1000088L
NOON,EGP 699,53% Off,5.0,Generic X8 UltraSmart Watch HD To……,https://www.noon.com/egypt-en/x8-ultra-smart-watch-hd-touch-screen-fitness-tracker-spo2-heart-rate-monitor-voice-assistant-power-saving-and-sports-mode-ip67-waterproof/Z1554B994883C5310E488Z/p/?o=z1554b994883c5310e488z-1&gclid=Cj0KCQiAhomtBhDgARIsABcaYylLRnSwoSrKZbbdAAkG5BRn1KaidgQ2f6hww7II-QZy8OIkzKj5l4AaAnbbEALw_wcB&utm_campaign=C1000151355N_eg_en_web_searchxxexactandphrasexxbrandpurexx08082022_noon_web_c1000088l_acquisition_sembranded_&utm_medium=cpc&utm_source=C1000088L
NOON,EGP 339,No Discount found,3.0,Generic FT50 SmartWatch 1.54 Inch Full ……,https://www.noon.com/egypt-en/ft50-smart-watch-1-54-inch-full-touch-screen-bluetooth-call-push-notifications-size-44-mm-with-detachable-silicone-band-for-ios-android-rose-gold-pink/ZA6F60DEEF785F0B6E931Z/p/?o=za6f60deef785f0b6e931z-1&gclid=Cj0KCQiAhomtBhDgARIsABcaYylLRnSwoSrKZbbdAAkG5BRn1KaidgQ2f6hww7II-QZy8OIkzKj5l4AaAnbbEALw_wcB&utm_campaign=C1000151355N_eg_en_web_searchxxexactandphrasexxbrandpurexx08082022_noon_web_c1000088l_acquisition_sembranded_&utm_medium=cpc&utm_source=C1000088L
NOON,"EGP 3,800",No Discount found,4.4,"Amazfit GTS 4 MiniSmart Watch, Alexa ……",https://www.noon.com/egypt-en/gts-4-mini-smart-watch-alexa-built-in-gps-fitness-tracker-heart-rate-blood-oxygen-monitor-android-phone-iphone-compatible-midnight-black/N53351970A/p/?o=a00b18e623a68d9d&gclid=Cj0KCQiAhomtBhDgARIsABcaYylLRnSwoSrKZbbdAAkG5BRn1KaidgQ2f6hww7II-QZy8OIkzKj5l4AaAnbbEALw_wcB&utm_campaign=C1000151355N_eg_en_web_searchxxexactandphrasexxbrandpurexx08082022_noon_web_c1000088l_acquisition_sembranded_&utm_medium=cpc&utm_source=C1000088L
NOON,"EGP 3,999",No Discount found,4.2,HUAWEI WATCH FITSpecial Edition Smar……,https://www.noon.com/egypt-en/watch-fit-special-edition-smart-watch-1-64-inch-hd-amoled-display-built-in-gps-scientific-sleep-tracking-quick-replies-for-third-party-apps-compatible-with-android-ios-devices-starry-black/N53420479A/p/?o=fbcecaf3e6a40c7f&gclid=Cj0KCQiAhomtBhDgARIsABcaYylLRnSwoSrKZbbdAAkG5BRn1KaidgQ2f6hww7II-QZy8OIkzKj5l4AaAnbbEALw_wcB&utm_campaign=C1000151355N_eg_en_web_searchxxexactandphrasexxbrandpurexx08082022_noon_web_c1000088l_acquisition_sembranded_&utm_medium=cpc&utm_source=C1000088L
NOON,EGP 820,45% Off,3.9,W&O X8+ Plus UltraSeries 8 Wearfit PR……,https://www.noon.com/egypt-en/x8-plus-ultra-series-8-wearfit-pro-2023-smart-watch-2-08-inch-ips-display-nfc-bluetooth-v5-call/Z17B96E73270ECBC8E114Z/p/?o=z17b96e73270ecbc8e114z-1&gclid=Cj0KCQiAhomtBhDgARIsABcaYylLRnSwoSrKZbbdAAkG5BRn1KaidgQ2f6hww7II-QZy8OIkzKj5l4AaAnbbEALw_wcB&utm_campaign=C1000151355N_eg_en_web_searchxxexactandphrasexxbrandpurexx08082022_noon_web_c1000088l_acquisition_sembranded_&utm_medium=cpc&utm_source=C1000088L
NOON,"EGP 2,348",No Discount found,4.2,Xiaomi Redmi Watch2 Lite 5ATM Water R……,https://www.noon.com/egypt-en/redmi-watch-2-lite-5atm-water-resistant-gps-5atm-water-resistant-10-days-battery-life-gps-steps-sleep-and-heart-rate-monitor-black/N51885201A/p/?o=e17e3d373ea0f97f&gclid=Cj0KCQiAhomtBhDgARIsABcaYylLRnSwoSrKZbbdAAkG5BRn1KaidgQ2f6hww7II-QZy8OIkzKj5l4AaAnbbEALw_wcB&utm_campaign=C1000151355N_eg_en_web_searchxxexactandphrasexxbrandpurexx08082022_noon_web_c1000088l_acquisition_sembranded_&utm_medium=cpc&utm_source=C1000088L
NOON,"EGP 1,499",No Discount found,3.4,"G-TiDe G-TiDE SmartWatch, R1 Answer/M……",https://www.noon.com/egypt-en/g-tide-smart-watch-r1-answer-make-call-300mah-big-battery-smartwatch-vc52-heart-rate-blood-oxygen-temperature-fitness-tracker-bluetooth5-2-smart-watch-for-android-ios-ip68-waterproof-gold/ZE5EDA01E6B84F964CF63Z/p/?o=ze5eda01e6b84f964cf63z-1&gclid=Cj0KCQiAhomtBhDgARIsABcaYylLRnSwoSrKZbbdAAkG5BRn1KaidgQ2f6hww7II-QZy8OIkzKj5l4AaAnbbEALw_wcB&utm_campaign=C1000151355N_eg_en_web_searchxxexactandphrasexxbrandpurexx08082022_noon_web_c1000088l_acquisition_sembranded_&utm_medium=cpc&utm_source=C1000088L
NOON,"EGP 1,625",45% Off,4.2,imilab W12 SmartWatch Black …,https://www.noon.com/egypt-en/w12-smart-watch-black/N52372114A/p/?o=b2c001b4e7d3af5c&gclid=Cj0KCQiAhomtBhDgARIsABcaYylLRnSwoSrKZbbdAAkG5BRn1KaidgQ2f6hww7II-QZy8OIkzKj5l4AaAnbbEALw_wcB&utm_campaign=C1000151355N_eg_en_web_searchxxexactandphrasexxbrandpurexx08082022_noon_web_c1000088l_acquisition_sembranded_&utm_medium=cpc&utm_source=C1000088L
NOON,"EGP 44,600",No Discount found,4.3,"Apple Watch UltraGPS + Cellular, 49m……",https://www.noon.com/egypt-en/watch-ultra-gps-cellular-49mm-titanium-case-with-alpine-loop-large-orange/N53349210A/p/?o=ee30958b7b00c89b&gclid=Cj0KCQiAhomtBhDgARIsABcaYylLRnSwoSrKZbbdAAkG5BRn1KaidgQ2f6hww7II-QZy8OIkzKj5l4AaAnbbEALw_wcB&utm_campaign=C1000151355N_eg_en_web_searchxxexactandphrasexxbrandpurexx08082022_noon_web_c1000088l_acquisition_sembranded_&utm_medium=cpc&utm_source=C1000088L
NOON,"EGP 53,950",No Discount found,4.4,"Apple Watch UltraGPS + Cellular, 49m……",https://www.noon.com/egypt-en/watch-ultra-gps-cellular-49mm-titanium-case-with-alpine-loop-medium-green/N53349219A/p/?o=f8aaeea7f6e5691c&gclid=Cj0KCQiAhomtBhDgARIsABcaYylLRnSwoSrKZbbdAAkG5BRn1KaidgQ2f6hww7II-QZy8OIkzKj5l4AaAnbbEALw_wcB&utm_campaign=C1000151355N_eg_en_web_searchxxexactandphrasexxbrandpurexx08082022_noon_web_c1000088l_acquisition_sembranded_&utm_medium=cpc&utm_source=C1000088L
NOON,EGP No price found,No Discount found,No Rate found,No Name found,No Link found
NOON,"EGP 2,799",No Discount found,4.2,Amazfit Bip 3 ProSmatwatch With 1.6……,https://www.noon.com/egypt-en/bip-3-pro-smatwatch-with-1-69inch-large-color-display-2-weeks-battery-life-pink/N53333211A/p/?o=b0c5482bb7e0691a&gclid=Cj0KCQiAhomtBhDgARIsABcaYylLRnSwoSrKZbbdAAkG5BRn1KaidgQ2f6hww7II-QZy8OIkzKj5l4AaAnbbEALw_wcB&utm_campaign=C1000151355N_eg_en_web_searchxxexactandphrasexxbrandpurexx08082022_noon_web_c1000088l_acquisition_sembranded_&utm_medium=cpc&utm_source=C1000088L
NOON,"EGP 1,150",53% Off,3.5,Wearfit Pro HK8 PROMAX Smartwatch A……,https://www.noon.com/egypt-en/hk8-pro-max-smartwatch-amoled-screen-2-12-inch-485-520-pixels-bluetooth-v5-2-black/Z359E8A3517FF95F48616Z/p/?o=z359e8a3517ff95f48616z-1&gclid=Cj0KCQiAhomtBhDgARIsABcaYylLRnSwoSrKZbbdAAkG5BRn1KaidgQ2f6hww7II-QZy8OIkzKj5l4AaAnbbEALw_wcB&utm_campaign=C1000151355N_eg_en_web_searchxxexactandphrasexxbrandpurexx08082022_noon_web_c1000088l_acquisition_sembranded_&utm_medium=cpc&utm_source=C1000088L
NOON,"EGP 1,125",40% Off,No Rate found,W&O X9 ULTRA 2Series 9 Wearfit Pro ……,https://www.noon.com/egypt-en/x9-ultra-2-series-9-wearfit-pro-2024-smartwatch-2-2-inch-super-amoled-display-480x320-open-ai-chat-gpt-gps-nfc-bluetooth-v5-call-wireless-charger-black/ZFC9798ACAF25E153002FZ/p/?o=zfc9798acaf25e153002fz-1&gclid=Cj0KCQiAhomtBhDgARIsABcaYylLRnSwoSrKZbbdAAkG5BRn1KaidgQ2f6hww7II-QZy8OIkzKj5l4AaAnbbEALw_wcB&utm_campaign=C1000151355N_eg_en_web_searchxxexactandphrasexxbrandpurexx08082022_noon_web_c1000088l_acquisition_sembranded_&utm_medium=cpc&utm_source=C1000088L
NOON,EGP 699,63% Off,No Rate found,Generic HM Ultra2Smart Watch Waterp……,https://www.noon.com/egypt-en/hm-ultra2-smart-watch-waterproof-wireless-charger/Z6405D6D78DA45F5F6C37Z/p/?o=z6405d6d78da45f5f6c37z-1&gclid=Cj0KCQiAhomtBhDgARIsABcaYylLRnSwoSrKZbbdAAkG5BRn1KaidgQ2f6hww7II-QZy8OIkzKj5l4AaAnbbEALw_wcB&utm_campaign=C1000151355N_eg_en_web_searchxxexactandphrasexxbrandpurexx08082022_noon_web_c1000088l_acquisition_sembranded_&utm_medium=cpc&utm_source=C1000088L
NOON,"EGP 1,125",43% Off,No Rate found,W&O X9 ULTRA 2Series 9 Wearfit Pro ……,https://www.noon.com/egypt-en/x9-ultra-2-series-9-wearfit-pro-2024-smartwatch-2-2-inch-super-amoled-display-480x320-open-ai-chat-gpt-gps-nfc-bluetooth-v5-call-wireless-charger-orange/Z568F1D9D2D120E17603DZ/p/?o=z568f1d9d2d120e17603dz-1&gclid=Cj0KCQiAhomtBhDgARIsABcaYylLRnSwoSrKZbbdAAkG5BRn1KaidgQ2f6hww7II-QZy8OIkzKj5l4AaAnbbEALw_wcB&utm_campaign=C1000151355N_eg_en_web_searchxxexactandphrasexxbrandpurexx08082022_noon_web_c1000088l_acquisition_sembranded_&utm_medium=cpc&utm_source=C1000088L
NOON,"EGP 1,199",20% Off,4.2,JOYROOM ClassicSeries Smart Watch ……,https://www.noon.com/egypt-en/classic-series-smart-watch-can-make-and-answer-calls-fitness-tracker-heart-rate-sleep-quality-monitor-round-smart-watch-ip68-waterproof-watch-compatible-with-iphone-android-phone-men-women-dark-grey/N53375133A/p/?o=eb5dc097b16e862a&gclid=Cj0KCQiAhomtBhDgARIsABcaYylLRnSwoSrKZbbdAAkG5BRn1KaidgQ2f6hww7II-QZy8OIkzKj5l4AaAnbbEALw_wcB&utm_campaign=C1000151355N_eg_en_web_searchxxexactandphrasexxbrandpurexx08082022_noon_web_c1000088l_acquisition_sembranded_&utm_medium=cpc&utm_source=C1000088L
NOON,"EGP 1,900",24% Off,No Rate found,Telzeal SmartwatchS9 3ST amoled 2.2 i……,https://www.noon.com/egypt-en/smartwatch-s9-3st-amoled-2-2-inch-pink/Z1A650694F2B5A478C0C1Z/p/?o=z1a650694f2b5a478c0c1z-1&gclid=Cj0KCQiAhomtBhDgARIsABcaYylLRnSwoSrKZbbdAAkG5BRn1KaidgQ2f6hww7II-QZy8OIkzKj5l4AaAnbbEALw_wcB&utm_campaign=C1000151355N_eg_en_web_searchxxexactandphrasexxbrandpurexx08082022_noon_web_c1000088l_acquisition_sembranded_&utm_medium=cpc&utm_source=C1000088L
NOON,"EGP 1,550",No Discount found,4.3,Oraimo 2 Pro Osw-32Watch Black …,https://www.noon.com/egypt-en/2-pro-osw-32-watch-black/N53355863A/p/?o=c01909b3e43422fb&gclid=Cj0KCQiAhomtBhDgARIsABcaYylLRnSwoSrKZbbdAAkG5BRn1KaidgQ2f6hww7II-QZy8OIkzKj5l4AaAnbbEALw_wcB&utm_campaign=C1000151355N_eg_en_web_searchxxexactandphrasexxbrandpurexx08082022_noon_web_c1000088l_acquisition_sembranded_&utm_medium=cpc&utm_source=C1000088L
NOON,"EGP 1,299",56% Off,3.9,Wearfit Pro X9 UltraSeries 8 Smart watc……,https://www.noon.com/egypt-en/x9-ultra-series-8-smart-watch-2-02-inch-amoled-screen-ips-display-nfc-bluetooth-v5-call-waterproof-ip67-wireless-charger-black/ZA63EB1786A95187FEAA9Z/p/?o=za63eb1786a95187feaa9z-1&gclid=Cj0KCQiAhomtBhDgARIsABcaYylLRnSwoSrKZbbdAAkG5BRn1KaidgQ2f6hww7II-QZy8OIkzKj5l4AaAnbbEALw_wcB&utm_campaign=C1000151355N_eg_en_web_searchxxexactandphrasexxbrandpurexx08082022_noon_web_c1000088l_acquisition_sembranded_&utm_medium=cpc&utm_source=C1000088L
NOON,"EGP 2,500",16% Off,5.0,"Mibro Watch Lite 2,1.3 inch, 60 Sports ……",https://www.noon.com/egypt-en/watch-lite-2-1-3-inch-60-sports-modes-hd-bluetooth-calling-amoled-hd-display-spo2-health-monitoring-tarnish/Z82761AA3EBA38671CF18Z/p/?o=z82761aa3eba38671cf18z-1&gclid=Cj0KCQiAhomtBhDgARIsABcaYylLRnSwoSrKZbbdAAkG5BRn1KaidgQ2f6hww7II-QZy8OIkzKj5l4AaAnbbEALw_wcB&utm_campaign=C1000151355N_eg_en_web_searchxxexactandphrasexxbrandpurexx08082022_noon_web_c1000088l_acquisition_sembranded_&utm_medium=cpc&utm_source=C1000088L
NOON,"EGP 2,195",12% Off,4.4,"HUAWEI Band 8Smart Watch, Ultra-t……",https://www.noon.com/egypt-en/band-8-smart-watch-ultra-thin-design-scientific-sleeping-tracking-2-week-battery-life-emerald-green/N53406298A/p/?o=fc134e0f6069b69c&gclid=Cj0KCQiAhomtBhDgARIsABcaYylLRnSwoSrKZbbdAAkG5BRn1KaidgQ2f6hww7II-QZy8OIkzKj5l4AaAnbbEALw_wcB&utm_campaign=C1000151355N_eg_en_web_searchxxexactandphrasexxbrandpurexx08082022_noon_web_c1000088l_acquisition_sembranded_&utm_medium=cpc&utm_source=C1000088L
NOON,"EGP 1,625",45% Off,5.0,Wearfit Pro HK9ULTRA 2 Series 9 W……,https://www.noon.com/egypt-en/hk9-ultra-2-series-9-wearfit-pro-2024-smartwatch-2-12-inch-super-amoled-display-480x320-open-ai-chat-gpt-gps-nfc-bluetooth-v5-call-wireless-charger/ZB033A91E1E3242645690Z/p/?o=zb033a91e1e3242645690z-1&gclid=Cj0KCQiAhomtBhDgARIsABcaYylLRnSwoSrKZbbdAAkG5BRn1KaidgQ2f6hww7II-QZy8OIkzKj5l4AaAnbbEALw_wcB&utm_campaign=C1000151355N_eg_en_web_searchxxexactandphrasexxbrandpurexx08082022_noon_web_c1000088l_acquisition_sembranded_&utm_medium=cpc&utm_source=C1000088L
NOON,"EGP 3,099",No Discount found,No Rate found,KIESLECT KIESLECTCalling Watch KS PR……,https://www.noon.com/egypt-en/kieslect-calling-watch-ks-pro-silver/Z2C80E953EFD2F3F361FDZ/p/?o=z2c80e953efd2f3f361fdz-1&gclid=Cj0KCQiAhomtBhDgARIsABcaYylLRnSwoSrKZbbdAAkG5BRn1KaidgQ2f6hww7II-QZy8OIkzKj5l4AaAnbbEALw_wcB&utm_campaign=C1000151355N_eg_en_web_searchxxexactandphrasexxbrandpurexx08082022_noon_web_c1000088l_acquisition_sembranded_&utm_medium=cpc&utm_source=C1000088L
NOON,EGP 890,40% Off,5.0,Wearfit Pro X8 UltraMAX Smartwatch Sc……,https://www.noon.com/egypt-en/x8-ultra-max-smartwatch-screen-2-2-inch-485-520-pixels-wearfit-pro-bluetooth-v5-2-black/ZD6CD1509EB7F706F51CFZ/p/?o=zd6cd1509eb7f706f51cfz-1&gclid=Cj0KCQiAhomtBhDgARIsABcaYylLRnSwoSrKZbbdAAkG5BRn1KaidgQ2f6hww7II-QZy8OIkzKj5l4AaAnbbEALw_wcB&utm_campaign=C1000151355N_eg_en_web_searchxxexactandphrasexxbrandpurexx08082022_noon_web_c1000088l_acquisition_sembranded_&utm_medium=cpc&utm_source=C1000088L
NOON,EGP 905,46% Off,4.3,Wearfit Pro X8+ PlusUltra Series 8 (2023……,https://www.noon.com/egypt-en/x8-plus-ultra-series-8-2023-smart-watch-2-08-inch-ips-display-nfc-bluetooth-v5-call-waterproof-ip67-wireless-charger-black/ZCAD417F99F73D759B6A3Z/p/?o=zcad417f99f73d759b6a3z-1&gclid=Cj0KCQiAhomtBhDgARIsABcaYylLRnSwoSrKZbbdAAkG5BRn1KaidgQ2f6hww7II-QZy8OIkzKj5l4AaAnbbEALw_wcB&utm_campaign=C1000151355N_eg_en_web_searchxxexactandphrasexxbrandpurexx08082022_noon_web_c1000088l_acquisition_sembranded_&utm_medium=cpc&utm_source=C1000088L
NOON,EGP 495,50% Off,2.3,Hiwatch PRO T800Ultra Smart Watch 4……,https://www.noon.com/egypt-en/t800-ultra-smart-watch-49mm-wireless-charging-nfc-black/Z42FBF8B043AC39BA5367Z/p/?o=z42fbf8b043ac39ba5367z-1&gclid=Cj0KCQiAhomtBhDgARIsABcaYylLRnSwoSrKZbbdAAkG5BRn1KaidgQ2f6hww7II-QZy8OIkzKj5l4AaAnbbEALw_wcB&utm_campaign=C1000151355N_eg_en_web_searchxxexactandphrasexxbrandpurexx08082022_noon_web_c1000088l_acquisition_sembranded_&utm_medium=cpc&utm_source=C1000088L
NOON,EGP 420,53% Off,No Rate found,"Hiwatch PRO T900Ultra smart watch, t……",https://www.noon.com/egypt-en/t900-ultra-smart-watch-the-best-screen-with-a-new-program-full-screen-hover-over-the-image-to-enlarge-the-best-screen-for-a-smart-watch-with-a-new-program-full-screen-black/Z4109A71323C15E4FA7ACZ/p/?o=z4109a71323c15e4fa7acz-1&gclid=Cj0KCQiAhomtBhDgARIsABcaYylLRnSwoSrKZbbdAAkG5BRn1KaidgQ2f6hww7II-QZy8OIkzKj5l4AaAnbbEALw_wcB&utm_campaign=C1000151355N_eg_en_web_searchxxexactandphrasexxbrandpurexx08082022_noon_web_c1000088l_acquisition_sembranded_&utm_medium=cpc&utm_source=C1000088L
NOON,"EGP 1,480",No Discount found,No Rate found,نابي ساعة ذكية نابي Z7Aللأطفال - بنفسجي …,https://www.noon.com/egypt-en/z7a/ZE795F0998AA2DDA40410Z/p/?o=ze795f0998aa2dda40410z-1&gclid=Cj0KCQiAhomtBhDgARIsABcaYylLRnSwoSrKZbbdAAkG5BRn1KaidgQ2f6hww7II-QZy8OIkzKj5l4AaAnbbEALw_wcB&utm_campaign=C1000151355N_eg_en_web_searchxxexactandphrasexxbrandpurexx08082022_noon_web_c1000088l_acquisition_sembranded_&utm_medium=cpc&utm_source=C1000088L
NOON,EGP 599,50% Off,4.5,Nabi Kids SmartWatch -Green …,https://www.noon.com/egypt-en/kids-smart-watch-green/Z8BB2280BE5B04E83820DZ/p/?o=z8bb2280be5b04e83820dz-1&gclid=Cj0KCQiAhomtBhDgARIsABcaYylLRnSwoSrKZbbdAAkG5BRn1KaidgQ2f6hww7II-QZy8OIkzKj5l4AaAnbbEALw_wcB&utm_campaign=C1000151355N_eg_en_web_searchxxexactandphrasexxbrandpurexx08082022_noon_web_c1000088l_acquisition_sembranded_&utm_medium=cpc&utm_source=C1000088L
NOON,EGP 889,33% Off,4.3,"Oraimo Smart WatchOSW-18, Dark Chro……",https://www.noon.com/egypt-en/smart-watch-osw-18-dark-chrome-black/N70009786V/p/?o=a22cdefaef3b2c2b&gclid=Cj0KCQiAhomtBhDgARIsABcaYylLRnSwoSrKZbbdAAkG5BRn1KaidgQ2f6hww7II-QZy8OIkzKj5l4AaAnbbEALw_wcB&utm_campaign=C1000151355N_eg_en_web_searchxxexactandphrasexxbrandpurexx08082022_noon_web_c1000088l_acquisition_sembranded_&utm_medium=cpc&utm_source=C1000088L
NOON,"EGP 1,075",46% Off,4.0,W&O X9 ULTRA 2Series 9 Wearfit Pro ……,https://www.noon.com/egypt-en/x9-ultra-2-series-9-wearfit-pro-2024-smartwatch-2-2-inch-super-amoled-display-480x320-open-ai-chat-gpt-gps-nfc-bluetooth-v5-call-wireless-charger/ZC03BAD2C859C4A7F04FFZ/p/?o=zc03bad2c859c4a7f04ffz-1&gclid=Cj0KCQiAhomtBhDgARIsABcaYylLRnSwoSrKZbbdAAkG5BRn1KaidgQ2f6hww7II-QZy8OIkzKj5l4AaAnbbEALw_wcB&utm_campaign=C1000151355N_eg_en_web_searchxxexactandphrasexxbrandpurexx08082022_noon_web_c1000088l_acquisition_sembranded_&utm_medium=cpc&utm_source=C1000088L
NOON,"EGP 1,150",23% Off,4.3,W&OW&O-SmartWatch X……,https://www.noon.com/egypt-en/w-o-smartwatch-x9-ultra-2-st-orange-orange-bo-silver-w/Z6A110E61F51678884EC8Z/p/?o=z6a110e61f51678884ec8z-1&gclid=Cj0KCQiAhomtBhDgARIsABcaYylLRnSwoSrKZbbdAAkG5BRn1KaidgQ2f6hww7II-QZy8OIkzKj5l4AaAnbbEALw_wcB&utm_campaign=C1000151355N_eg_en_web_searchxxexactandphrasexxbrandpurexx08082022_noon_web_c1000088l_acquisition_sembranded_&utm_medium=cpc&utm_source=C1000088L
NOON,"EGP 2,799",44% Off,3.3,Smart 2030 C100Android Watch With ……,https://www.noon.com/egypt-en/c100-android-watch-with-aluminum-case-2gb-16gb-orange/Z57BD5042D5762576750AZ/p/?o=z57bd5042d5762576750az-1&gclid=Cj0KCQiAhomtBhDgARIsABcaYylLRnSwoSrKZbbdAAkG5BRn1KaidgQ2f6hww7II-QZy8OIkzKj5l4AaAnbbEALw_wcB&utm_campaign=C1000151355N_eg_en_web_searchxxexactandphrasexxbrandpurexx08082022_noon_web_c1000088l_acquisition_sembranded_&utm_medium=cpc&utm_source=C1000088L
NOON,"EGP 39,468",No Discount found,4.8,"HUAWEI WATCH 4Pro Smartwatch, Sp……",https://www.noon.com/egypt-en/watch-4-pro-smartwatch-spherical-sapphire-glass-health-at-a-glance-esim-cellular-calling-fresh-new-activity-rings-21-day-battery-life-ecg-analysis-compatible-with-andriod-ios-titanium-silver/N53410543A/p/?o=deb20547c8cd2edb&gclid=Cj0KCQiAhomtBhDgARIsABcaYylLRnSwoSrKZbbdAAkG5BRn1KaidgQ2f6hww7II-QZy8OIkzKj5l4AaAnbbEALw_wcB&utm_campaign=C1000151355N_eg_en_web_searchxxexactandphrasexxbrandpurexx08082022_noon_web_c1000088l_acquisition_sembranded_&utm_medium=cpc&utm_source=C1000088L
NOON,"EGP 1,299",55% Off,3.4,Wearfit Pro X9 UltraSeries 8 Smart watc……,https://www.noon.com/egypt-en/x9-ultra-series-8-smart-watch-2-02-inch-amoled-screen-ips-display-nfc-bluetooth-v5-call-waterproof-ip67-wireless-charger-gold/ZBEE0F12CC6E63F7E0EB0Z/p/?o=zbee0f12cc6e63f7e0eb0z-1&gclid=Cj0KCQiAhomtBhDgARIsABcaYylLRnSwoSrKZbbdAAkG5BRn1KaidgQ2f6hww7II-QZy8OIkzKj5l4AaAnbbEALw_wcB&utm_campaign=C1000151355N_eg_en_web_searchxxexactandphrasexxbrandpurexx08082022_noon_web_c1000088l_acquisition_sembranded_&utm_medium=cpc&utm_source=C1000088L
NOON,"EGP 1,350",32% Off,No Rate found,W&O Smart Watch X5PRO+ Round ST(Bla……,https://www.noon.com/egypt-en/smart-watch-x5-pro-round-st-black/Z21CE4A409ABEB2B4E2A8Z/p/?o=z21ce4a409abeb2b4e2a8z-1&gclid=Cj0KCQiAhomtBhDgARIsABcaYylLRnSwoSrKZbbdAAkG5BRn1KaidgQ2f6hww7II-QZy8OIkzKj5l4AaAnbbEALw_wcB&utm_campaign=C1000151355N_eg_en_web_searchxxexactandphrasexxbrandpurexx08082022_noon_web_c1000088l_acquisition_sembranded_&utm_medium=cpc&utm_source=C1000088L
NOON,"EGP 2,199",34% Off,4.0,Mibro Mibro Watch T11.6inch AMOLED HD……,https://www.noon.com/egypt-en/mibro-watch-t1-1-6inch-amoled-hd-display-supports-calls-2atm/Z57158D89768CA44A3934Z/p/?o=z57158d89768ca44a3934z-1&gclid=Cj0KCQiAhomtBhDgARIsABcaYylLRnSwoSrKZbbdAAkG5BRn1KaidgQ2f6hww7II-QZy8OIkzKj5l4AaAnbbEALw_wcB&utm_campaign=C1000151355N_eg_en_web_searchxxexactandphrasexxbrandpurexx08082022_noon_web_c1000088l_acquisition_sembranded_&utm_medium=cpc&utm_source=C1000088L
NOON,"EGP 2,188",No Discount found,4.2,Amazfit Bip 3Smatwatch With 1.6……,https://www.noon.com/egypt-en/bip-3-smatwatch-with-1-69-inch-large-color-display-2-weeks-battery-life-blue/N53333207A/p/?o=fb60e7a93149e88e&gclid=Cj0KCQiAhomtBhDgARIsABcaYylLRnSwoSrKZbbdAAkG5BRn1KaidgQ2f6hww7II-QZy8OIkzKj5l4AaAnbbEALw_wcB&utm_campaign=C1000151355N_eg_en_web_searchxxexactandphrasexxbrandpurexx08082022_noon_web_c1000088l_acquisition_sembranded_&utm_medium=cpc&utm_source=C1000088L
NOON,EGP 975,30% Off,4.0,W&O Smartwatch X9Ultra 2 .2 Inch SUPE……,https://www.noon.com/egypt-en/smartwatch-x9-ultra-2-2-inch-super-amoled-display-480x320-open-ai-chat-gpt-gps-nfc-bluetooth-v5-call-wireless-charger-black/Z9B27C4BEBE5D901780B2Z/p/?o=z9b27c4bebe5d901780b2z-1&gclid=Cj0KCQiAhomtBhDgARIsABcaYylLRnSwoSrKZbbdAAkG5BRn1KaidgQ2f6hww7II-QZy8OIkzKj5l4AaAnbbEALw_wcB&utm_campaign=C1000151355N_eg_en_web_searchxxexactandphrasexxbrandpurexx08082022_noon_web_c1000088l_acquisition_sembranded_&utm_medium=cpc&utm_source=C1000088L
NOON,EGP 899,57% Off,3.7,Wearfit Pro X8 UltraMAX Smartwatch Sc……,https://www.noon.com/egypt-en/x8-ultra-max-smartwatch-screen-2-2-inch-485-520-pixels-wearfit-pro-bluetooth-v5-2-gold/Z18722E880ABF4059CCA4Z/p/?o=z18722e880abf4059cca4z-1&gclid=Cj0KCQiAhomtBhDgARIsABcaYylLRnSwoSrKZbbdAAkG5BRn1KaidgQ2f6hww7II-QZy8OIkzKj5l4AaAnbbEALw_wcB&utm_campaign=C1000151355N_eg_en_web_searchxxexactandphrasexxbrandpurexx08082022_noon_web_c1000088l_acquisition_sembranded_&utm_medium=cpc&utm_source=C1000088L
NOON,EGP 365,33% Off,3.2,T500 300.0 mAhSeries 5 Fitness Trac……,https://www.noon.com/egypt-en/300-0-mah-series-5-fitness-tracker-smart-watch-black/N43241182A/p/?o=c82c690154232eeb&gclid=Cj0KCQiAhomtBhDgARIsABcaYylLRnSwoSrKZbbdAAkG5BRn1KaidgQ2f6hww7II-QZy8OIkzKj5l4AaAnbbEALw_wcB&utm_campaign=C1000151355N_eg_en_web_searchxxexactandphrasexxbrandpurexx08082022_noon_web_c1000088l_acquisition_sembranded_&utm_medium=cpc&utm_source=C1000088L
NOON,"EGP 4,258",11% Off,4.5,Xiaomi Redmi SmartWatch 3 1.75 Inch A……,https://www.noon.com/egypt-en/redmi-smart-watch-3-1-75-inch-amoled-touch-display-5atm-water-resistant-12-days-battery-life-gps-120-workout-mode-heart-rate-monitor-calorie-consumption-fitness-activity-tracker-black/N53398758A/p/?o=fe35389472fd15bb&gclid=Cj0KCQiAhomtBhDgARIsABcaYylLRnSwoSrKZbbdAAkG5BRn1KaidgQ2f6hww7II-QZy8OIkzKj5l4AaAnbbEALw_wcB&utm_campaign=C1000151355N_eg_en_web_searchxxexactandphrasexxbrandpurexx08082022_noon_web_c1000088l_acquisition_sembranded_&utm_medium=cpc&utm_source=C1000088L
NOON,"EGP 8,249",14% Off,4.4,Amazfit GTR 4 SmartWatch Android iPho……,https://www.noon.com/egypt-en/gtr-4-smart-watch-android-iphone-dual-band-gps-alexa-built-in-bluetooth-calls-150-sports-modes-1-43-amoled-display-superspeed-black/N53351834A/p/?o=f92a0d30b64c5a0a&gclid=Cj0KCQiAhomtBhDgARIsABcaYylLRnSwoSrKZbbdAAkG5BRn1KaidgQ2f6hww7II-QZy8OIkzKj5l4AaAnbbEALw_wcB&utm_campaign=C1000151355N_eg_en_web_searchxxexactandphrasexxbrandpurexx08082022_noon_web_c1000088l_acquisition_sembranded_&utm_medium=cpc&utm_source=C1000088L
NOON,"EGP 2,999",No Discount found,4.3,Xiaomi Redmi Watch2 Lite 5ATM Water R……,https://www.noon.com/egypt-en/redmi-watch-2-lite-5atm-water-resistant-gps-5atm-water-resistant-10-days-battery-life-gps-steps-sleep-and-heart-rate-monitor-ivory/N52452107A/p/?o=cc96e4525a42cf4f&gclid=Cj0KCQiAhomtBhDgARIsABcaYylLRnSwoSrKZbbdAAkG5BRn1KaidgQ2f6hww7II-QZy8OIkzKj5l4AaAnbbEALw_wcB&utm_campaign=C1000151355N_eg_en_web_searchxxexactandphrasexxbrandpurexx08082022_noon_web_c1000088l_acquisition_sembranded_&utm_medium=cpc&utm_source=C1000088L
NOON,"EGP 1,095",27% Off,No Rate found,W&O X9 Pro 2  (SuperAMOLED) Screen S……,https://www.noon.com/egypt-en/x9-pro-2-super-amoled-screen-smart-watch-45mm-2-02inch-screen-space-aluminum-case/ZC831462968332562D0CBZ/p/?o=zc831462968332562d0cbz-1&gclid=Cj0KCQiAhomtBhDgARIsABcaYylLRnSwoSrKZbbdAAkG5BRn1KaidgQ2f6hww7II-QZy8OIkzKj5l4AaAnbbEALw_wcB&utm_campaign=C1000151355N_eg_en_web_searchxxexactandphrasexxbrandpurexx08082022_noon_web_c1000088l_acquisition_sembranded_&utm_medium=cpc&utm_source=C1000088L
NOON,EGP 599,40% Off,3.8,Hlwatch PRO T10Ultra Series 8 (2023……,https://www.noon.com/egypt-en/t10-ultra-series-8-2023-smart-watch-2-09-inch-ips-display-nfc-bluetooth-v5-call-waterproof-ip67-wireless-charger-black/Z00C1D22B313272C73FF3Z/p/?o=z00c1d22b313272c73ff3z-1&gclid=Cj0KCQiAhomtBhDgARIsABcaYylLRnSwoSrKZbbdAAkG5BRn1KaidgQ2f6hww7II-QZy8OIkzKj5l4AaAnbbEALw_wcB&utm_campaign=C1000151355N_eg_en_web_searchxxexactandphrasexxbrandpurexx08082022_noon_web_c1000088l_acquisition_sembranded_&utm_medium=cpc&utm_source=C1000088L
NOON,"EGP 1,099",45% Off,3.3,W&O X9 ULTRA 2Series 9 Wearfit Pro ……,https://www.noon.com/egypt-en/x9-ultra-2-series-9-wearfit-pro-2024-smartwatch-2-2-inch-super-amoled-display-480x320-open-ai-chat-gpt-gps-nfc-bluetooth-v5-call-wireless-charger/Z8D70A016BD3F46290CB2Z/p/?o=z8d70a016bd3f46290cb2z-1&gclid=Cj0KCQiAhomtBhDgARIsABcaYylLRnSwoSrKZbbdAAkG5BRn1KaidgQ2f6hww7II-QZy8OIkzKj5l4AaAnbbEALw_wcB&utm_campaign=C1000151355N_eg_en_web_searchxxexactandphrasexxbrandpurexx08082022_noon_web_c1000088l_acquisition_sembranded_&utm_medium=cpc&utm_source=C1000088L
NOON,"EGP 1,875",37% Off,4.0,KIESLECT SmartWatch Ks Mini (Blue)……,https://www.noon.com/egypt-en/smart-watch-ks-mini-blue-calling-watch-smart-watch-for-men-24h-heart-rate-spo2-sleep-monitor-60-sport-modes-1-78-ultra-amoled-touch-screen-20-days-stand-by/ZF82372618B84C0A0215EZ/p/?o=zf82372618b84c0a0215ez-1&gclid=Cj0KCQiAhomtBhDgARIsABcaYylLRnSwoSrKZbbdAAkG5BRn1KaidgQ2f6hww7II-QZy8OIkzKj5l4AaAnbbEALw_wcB&utm_campaign=C1000151355N_eg_en_web_searchxxexactandphrasexxbrandpurexx08082022_noon_web_c1000088l_acquisition_sembranded_&utm_medium=cpc&utm_source=C1000088L
NOON,EGP 399,20% Off,2.6,T55+ 180.0 mAhSeries 6 Smartwatch……,https://www.noon.com/egypt-en/180-0-mah-series-6-smartwatch-with-health-tracker-black/N50367689A/p/?o=f7f0c8f72e45c9bc&gclid=Cj0KCQiAhomtBhDgARIsABcaYylLRnSwoSrKZbbdAAkG5BRn1KaidgQ2f6hww7II-QZy8OIkzKj5l4AaAnbbEALw_wcB&utm_campaign=C1000151355N_eg_en_web_searchxxexactandphrasexxbrandpurexx08082022_noon_web_c1000088l_acquisition_sembranded_&utm_medium=cpc&utm_source=C1000088L
NOON,"EGP 2,599",31% Off,4.4,"Mibro Mibro WatchLite 2, 1.3 inch, 60 S……",https://www.noon.com/egypt-en/mibro-watch-lite-2-1-3-inch-60-sports-modes-hd-bluetooth-calling-amoled-hd-display-spo2-health-monitoring-tarnish/Z893895AA97A442EDD382Z/p/?o=z893895aa97a442edd382z-1&gclid=Cj0KCQiAhomtBhDgARIsABcaYylLRnSwoSrKZbbdAAkG5BRn1KaidgQ2f6hww7II-QZy8OIkzKj5l4AaAnbbEALw_wcB&utm_campaign=C1000151355N_eg_en_web_searchxxexactandphrasexxbrandpurexx08082022_noon_web_c1000088l_acquisition_sembranded_&utm_medium=cpc&utm_source=C1000088L
NOON,"EGP 1,350",46% Off,4.6,Wearfit Pro X9 UltraSeries 8 Smart watc……,https://www.noon.com/egypt-en/x9-ultra-series-8-smart-watch-2-02-inch-amoled-screen-ips-display-nfc-bluetooth-v5-call-waterproof-ip67-wireless-charger-orange/Z5825418938C7081E100FZ/p/?o=z5825418938c7081e100fz-1&gclid=Cj0KCQiAhomtBhDgARIsABcaYylLRnSwoSrKZbbdAAkG5BRn1KaidgQ2f6hww7II-QZy8OIkzKj5l4AaAnbbEALw_wcB&utm_campaign=C1000151355N_eg_en_web_searchxxexactandphrasexxbrandpurexx08082022_noon_web_c1000088l_acquisition_sembranded_&utm_medium=cpc&utm_source=C1000088L
NOON,"EGP 2,299",23% Off,4.7,cardoo Smart watchEgypt  touch screen ……,https://www.noon.com/egypt-en/smart-watch-egypt-touch-screen-cardoo-watch-for-men-heart-rate-waterproof-bluetooth-calls-smart-watch-support-arabic-for-android-and-ios-black/Z6CE189987A6A17DB196CZ/p/?o=z6ce189987a6a17db196cz-1&gclid=Cj0KCQiAhomtBhDgARIsABcaYylLRnSwoSrKZbbdAAkG5BRn1KaidgQ2f6hww7II-QZy8OIkzKj5l4AaAnbbEALw_wcB&utm_campaign=C1000151355N_eg_en_web_searchxxexactandphrasexxbrandpurexx08082022_noon_web_c1000088l_acquisition_sembranded_&utm_medium=cpc&utm_source=C1000088L
NOON,EGP 875,No Discount found,3.9,W&O X8+ Plus UltraSeries 8 (2023) Sma……,https://www.noon.com/egypt-en/x8-plus-ultra-series-8-2023-smart-watch-2-08-inch-ips-display-nfc-bluetooth-v5-call-waterproof-ip67-wireless-charger/Z5B2DA28AB96800607425Z/p/?o=z5b2da28ab96800607425z-1&gclid=Cj0KCQiAhomtBhDgARIsABcaYylLRnSwoSrKZbbdAAkG5BRn1KaidgQ2f6hww7II-QZy8OIkzKj5l4AaAnbbEALw_wcB&utm_campaign=C1000151355N_eg_en_web_searchxxexactandphrasexxbrandpurexx08082022_noon_web_c1000088l_acquisition_sembranded_&utm_medium=cpc&utm_source=C1000088L
NOON,"EGP 2,999",25% Off,4.0,"KOSPET Tank M2BT5.0, 70 Sports Mo……",https://www.noon.com/egypt-en/tank-m2-bt5-0-70-sports-modes-5atm-black/ZFC2AF7B470467A9E80E0Z/p/?o=zfc2af7b470467a9e80e0z-1&gclid=Cj0KCQiAhomtBhDgARIsABcaYylLRnSwoSrKZbbdAAkG5BRn1KaidgQ2f6hww7II-QZy8OIkzKj5l4AaAnbbEALw_wcB&utm_campaign=C1000151355N_eg_en_web_searchxxexactandphrasexxbrandpurexx08082022_noon_web_c1000088l_acquisition_sembranded_&utm_medium=cpc&utm_source=C1000088L
NOON,EGP 335,16% Off,2.9,T55 Series 5 SmartWatch With Replace……,https://www.noon.com/egypt-en/series-5-smart-watch-with-replaceable-strap-black/N39843847A/p/?o=d7aea3f218cbd26c&gclid=Cj0KCQiAhomtBhDgARIsABcaYylLRnSwoSrKZbbdAAkG5BRn1KaidgQ2f6hww7II-QZy8OIkzKj5l4AaAnbbEALw_wcB&utm_campaign=C1000151355N_eg_en_web_searchxxexactandphrasexxbrandpurexx08082022_noon_web_c1000088l_acquisition_sembranded_&utm_medium=cpc&utm_source=C1000088L
NOON,"EGP 1,250",37% Off,4.0,"Wearfit Pro X9+Ultra2Smart Watch, Chat ……",https://www.noon.com/egypt-en/x9-ultra2-smart-watch-chat-gpt-compass-wireless-charging-for-iphone-and-android-orange/ZF2D80F3FCBD8FCF1790EZ/p/?o=zf2d80f3fcbd8fcf1790ez-1&gclid=Cj0KCQiAhomtBhDgARIsABcaYylLRnSwoSrKZbbdAAkG5BRn1KaidgQ2f6hww7II-QZy8OIkzKj5l4AaAnbbEALw_wcB&utm_campaign=C1000151355N_eg_en_web_searchxxexactandphrasexxbrandpurexx08082022_noon_web_c1000088l_acquisition_sembranded_&utm_medium=cpc&utm_source=C1000088L
NOON,"EGP 2,119",7% Off,5.0,KIESLECT Lady LoraCalling Smart Watch……,https://www.noon.com/egypt-en/lady-lora-calling-smart-watch-pink/ZF15E122C10F59057F85DZ/p/?o=zf15e122c10f59057f85dz-1&gclid=Cj0KCQiAhomtBhDgARIsABcaYylLRnSwoSrKZbbdAAkG5BRn1KaidgQ2f6hww7II-QZy8OIkzKj5l4AaAnbbEALw_wcB&utm_campaign=C1000151355N_eg_en_web_searchxxexactandphrasexxbrandpurexx08082022_noon_web_c1000088l_acquisition_sembranded_&utm_medium=cpc&utm_source=C1000088L
NOON,EGP 477,40% Off,No Rate found,هيواتش برو ساعة ذكيةT900 Ultra سلسلة الترا ……,https://www.noon.com/egypt-en/t900-ultra-8-2-09-49/ZB29BE9E6BE641055F80FZ/p/?o=zb29be9e6be641055f80fz-1&gclid=Cj0KCQiAhomtBhDgARIsABcaYylLRnSwoSrKZbbdAAkG5BRn1KaidgQ2f6hww7II-QZy8OIkzKj5l4AaAnbbEALw_wcB&utm_campaign=C1000151355N_eg_en_web_searchxxexactandphrasexxbrandpurexx08082022_noon_web_c1000088l_acquisition_sembranded_&utm_medium=cpc&utm_source=C1000088L
NOON,"EGP 13,499",No Discount found,4.5,Samsung GalaxyWatch 5 Pro 45mm ……,https://www.noon.com/egypt-en/galaxy-watch-5-pro-45mm-black-titanium/N53339185A/p/?o=e9b9280062be657c&gclid=Cj0KCQiAhomtBhDgARIsABcaYylLRnSwoSrKZbbdAAkG5BRn1KaidgQ2f6hww7II-QZy8OIkzKj5l4AaAnbbEALw_wcB&utm_campaign=C1000151355N_eg_en_web_searchxxexactandphrasexxbrandpurexx08082022_noon_web_c1000088l_acquisition_sembranded_&utm_medium=cpc&utm_source=C1000088L
NOON,EGP 820,45% Off,3.9,W&O X8+ Plus UltraSeries 8 Wearfit PR……,https://www.noon.com/egypt-en/x8-plus-ultra-series-8-wearfit-pro-2023-smart-watch-2-08-inch-ips-display-nfc-bluetooth-v5-call/Z17B96E73270ECBC8E114Z/p/?o=z17b96e73270ecbc8e114z-1&gclid=Cj0KCQiAhomtBhDgARIsABcaYylLRnSwoSrKZbbdAAkG5BRn1KaidgQ2f6hww7II-QZy8OIkzKj5l4AaAnbbEALw_wcB&utm_campaign=C1000151355N_eg_en_web_searchxxexactandphrasexxbrandpurexx08082022_noon_web_c1000088l_acquisition_sembranded_&utm_medium=cpc&utm_source=C1000088L
NOON,"EGP 1,070",46% Off,No Rate found,W&O X9 ULTRA 2Series 9 Wearfit Pro ……,https://www.noon.com/egypt-en/x9-ultra-2-series-9-wearfit-pro-2024-smartwatch-2-2-inch-super-amoled-display-480x320-open-ai-chat-gpt-gps-nfc-bluetooth-v5-call-wireless-charger/Z9F2A3CF000E851A7B64AZ/p/?o=z9f2a3cf000e851a7b64az-1&gclid=Cj0KCQiAhomtBhDgARIsABcaYylLRnSwoSrKZbbdAAkG5BRn1KaidgQ2f6hww7II-QZy8OIkzKj5l4AaAnbbEALw_wcB&utm_campaign=C1000151355N_eg_en_web_searchxxexactandphrasexxbrandpurexx08082022_noon_web_c1000088l_acquisition_sembranded_&utm_medium=cpc&utm_source=C1000088L
NOON,EGP 899,25% Off,No Rate found,HW HW8 Max SmartWatch 1.99 Inch Seri……,https://www.noon.com/egypt-en/hw8-max-smart-watch-1-99-inch-series-8-nfc-heart-rate-monitor-track-voice-assistant-ip67-waterproof-color-black/Z8F44D26D6C9C62DA55C4Z/p/?o=z8f44d26d6c9c62da55c4z-1&gclid=Cj0KCQiAhomtBhDgARIsABcaYylLRnSwoSrKZbbdAAkG5BRn1KaidgQ2f6hww7II-QZy8OIkzKj5l4AaAnbbEALw_wcB&utm_campaign=C1000151355N_eg_en_web_searchxxexactandphrasexxbrandpurexx08082022_noon_web_c1000088l_acquisition_sembranded_&utm_medium=cpc&utm_source=C1000088L
NOON,"EGP 12,799",29% Off,3.8,HUAWEI Watch GT 3Pro SmartWatch He……,https://www.noon.com/egypt-en/watch-gt-3-pro-smartwatch-heart-rate-blood-oxygen-monitoring-light-titanium-case-46mm-grey-leather-strap/N53285661A/p/?o=d56b72e398a55b3f&gclid=Cj0KCQiAhomtBhDgARIsABcaYylLRnSwoSrKZbbdAAkG5BRn1KaidgQ2f6hww7II-QZy8OIkzKj5l4AaAnbbEALw_wcB&utm_campaign=C1000151355N_eg_en_web_searchxxexactandphrasexxbrandpurexx08082022_noon_web_c1000088l_acquisition_sembranded_&utm_medium=cpc&utm_source=C1000088L
AMAZON,EGP 899.,42% Off,3.7 out of 5 stars,"Oraimo Smart watch OSW-16, BrightSilver + 12 Months Local Warranty",https://www.amazon.eg/-/en/Oraimo-OSW-16-BrightSilver-Months-Warranty/dp/B09BZLKRHC/ref=sr_1_1?crid=3744OP3WCWRVH&keywords=smart%2Bwatch&qid=1706022076&sprefix=smart+watch%2Caps%2C420&sr=8-1
AMAZON,EGP 929.,37% Off,4.0 out of 5 stars,"Xiaomi Redmi Band 2 Activity Fitness Tracker with 1.47"" TFT Display, 14-Day Battery Life, Blood Oxygen, Heart Rate, Sleep & Stress Monitoring, 5 ATM Water Resistant, Fitness Watch for Men Women, Black",https://www.amazon.eg/-/en/Xiaomi-Activity-Fitness-Monitoring-Resistant/dp/B0BR3VTNZR/ref=sr_1_2?crid=3744OP3WCWRVH&keywords=smart%2Bwatch&qid=1706022076&sprefix=smart+watch%2Caps%2C420&sr=8-2
AMAZON,"EGP 4,150.",No Discount found,4.3 out of 5 stars,"Xiaomi Redmi Smart Watch 3 - 1.75 Inch AMOLED Touch Display, 5ATM Water Resistant, 12 Days Battery Life, GPS, 120 Workout Mode, Heart Rate Monitor, Calori Consumption, Fitness Activity Tracker, Black",https://www.amazon.eg/-/en/Xiaomi-Redmi-Smart-Watch-Consumption/dp/B0BXPZRNJS/ref=sr_1_3?crid=3744OP3WCWRVH&keywords=smart%2Bwatch&qid=1706022076&sprefix=smart+watch%2Caps%2C420&sr=8-3
AMAZON,"EGP 4,150.",No Discount found,4.4 out of 5 stars,"Xiaomi Redmi Smart Watch 3 - 1.75 Inch AMOLED Touch Display, 5ATM Water Resistant, 12 Days Battery Life, GPS, 120 Workout Mode, Heart Rate Monitor, Calori Consumption, Fitness Activity Tracker, Ivory",https://www.amazon.eg/-/en/Xiaomi-Redmi-Smart-Watch-Consumption/dp/B0BXQ3J62X/ref=sr_1_4?crid=3744OP3WCWRVH&keywords=smart%2Bwatch&qid=1706022076&sprefix=smart+watch%2Caps%2C420&sr=8-4
AMAZON,EGP 995.,43% Off,3.5 out of 5 stars,Joyroom jr-ft3 pro fit-life series smart watch (answer/make call) - dark gray,https://www.amazon.eg/-/en/Joyroom-jr-ft3-fit-life-smart-answer/dp/B0BG2HYWLL/ref=sr_1_5?crid=3744OP3WCWRVH&keywords=smart%2Bwatch&qid=1706022076&sprefix=smart+watch%2Caps%2C420&sr=8-5
AMAZON,"EGP 3,499.",No Discount found,4.2 out of 5 stars,"AGPTEK Smart Watch for Women, 1.3'' Full Touch Fitness LW11 Watch with Female Health Tracking, Heart Rate Monitor, IP68 Waterproof Outdoor Sports Smartwatch for Android iOS Phones",https://www.amazon.eg/-/en/AGPTEK-LW11-Tracking-Waterproof-Smartwatch/dp/B08HMRY8NG/ref=sr_1_6?crid=3744OP3WCWRVH&keywords=smart%2Bwatch&qid=1706022076&sprefix=smart+watch%2Caps%2C420&sr=8-6
AMAZON,"EGP 1,099.",29% Off,2.7 out of 5 stars,Smart watch oraimo OSW-16 Black + 12 Months Local Warranty,https://www.amazon.eg/-/en/Smart-oraimo-OSW-16-Months-Warranty/dp/B09BZMM5GK/ref=sr_1_7?crid=3744OP3WCWRVH&keywords=smart%2Bwatch&qid=1706022076&sprefix=smart+watch%2Caps%2C420&sr=8-7
AMAZON,EGP No price found,No Discount found,4.0 out of 5 stars,"Smart watch Egypt touch screen CardoO watch for men Heart Rate waterproof Bluetooth Calls Smart watch Support Arabic for Android and IOS, USB",https://www.amazon.eg/-/en/CardoO-waterproof-Bluetooth-Support-Android/dp/B0C19F1WS2/ref=sr_1_8?crid=3744OP3WCWRVH&keywords=smart%2Bwatch&qid=1706022076&sprefix=smart+watch%2Caps%2C420&sr=8-8
AMAZON,"EGP 2,149.",No Discount found,4.0 out of 5 stars,"Smart watch Egypt touch screen CardoO watch for men and women Heart Rate waterproof Bluetooth Calls Smart watch Support Arabic for Android and IOS, USB",https://www.amazon.eg/-/en/CardoO-waterproof-Bluetooth-Support-Android/dp/B0C19CWN57/ref=sr_1_9?crid=3744OP3WCWRVH&keywords=smart%2Bwatch&qid=1706022076&sprefix=smart+watch%2Caps%2C420&sr=8-9
AMAZON,EGP 542.,No Discount found,2.8 out of 5 stars,Smart Watch with Wireless Charging and Health Monitoring Series 8 Ultra - 2 Strap (Multi colour),https://www.amazon.eg/-/en/Wireless-Charging-Health-Monitoring-Ultra/dp/B0CDCQW7F3/ref=sr_1_10?crid=3744OP3WCWRVH&keywords=smart%2Bwatch&qid=1706022076&sprefix=smart+watch%2Caps%2C420&sr=8-10
AMAZON,"EGP 2,499.",No Discount found,3.7 out of 5 stars,Mibro Watch Lite 2 Smart Watch 1.3-inch AMOLED HD Display Metal Body With Bluetooth Call Dual Core Chip Intelligent Health Monitoring 60 Sports Mode Waterproof-Black and Tarnish Brown,https://www.amazon.eg/-/en/1-3-inch-Bluetooth-Intelligent-Monitoring-Waterproof-Black/dp/B081TZQ7CJ/ref=sr_1_11?crid=3744OP3WCWRVH&keywords=smart%2Bwatch&qid=1706022076&sprefix=smart+watch%2Caps%2C420&sr=8-11
AMAZON,"EGP 2,649.",33% Off,2.8 out of 5 stars,Kieslect YFT2031EU Ks Calling Smart Watch Black,https://www.amazon.eg/-/en/Kieslect-YFT2031EU-Calling-Smart-Watch/dp/B0BYZW9N82/ref=sr_1_12?crid=3744OP3WCWRVH&keywords=smart%2Bwatch&qid=1706022076&sprefix=smart+watch%2Caps%2C420&sr=8-12
AMAZON,EGP 555.,No Discount found,3.0 out of 5 stars,T800 Ultra Smart Watch For Men & Women it's Stylish Or Good Looking With 10 Workout mades & Sport Watch with 1 silicon strap (ORANGE),https://www.amazon.eg/-/en/T800-Stylish-Looking-Workout-silicon/dp/B0CNW8PFJ6/ref=sr_1_13?crid=3744OP3WCWRVH&keywords=smart%2Bwatch&qid=1706022076&sprefix=smart+watch%2Caps%2C420&sr=8-13
AMAZON,EGP 799.,No Discount found,3.8 out of 5 stars,"Smart Band 6 Global Version, Mi band 6-1.56'' AMOLED Touch Screen, Xiaomi band 6, Miband 6, Xiaomi 6, Heart Rate Monitor，30 Sports Mode, Fitness & Activity Tracker, 50M Waterproof",https://www.amazon.eg/-/en/Smart-Band-Mi-Xiaomi-Monitor%EF%BC%8C30/dp/B091G3FLL7/ref=sr_1_14?crid=3744OP3WCWRVH&keywords=smart%2Bwatch&qid=1706022076&sprefix=smart+watch%2Caps%2C420&sr=8-14
AMAZON,"EGP 1,645.",36% Off,3.6 out of 5 stars,"Oraimo Watch 2 Pro OSW-32 BT Call Quickly Reply Health Monitor Smart Watch, 12 months warrenty, Black, USB",https://www.amazon.eg/-/en/Oraimo-OSW-32-Quickly-Monitor-warrenty/dp/B0B5B77WTY/ref=sr_1_15?crid=3744OP3WCWRVH&keywords=smart%2Bwatch&qid=1706022076&sprefix=smart+watch%2Caps%2C420&sr=8-15
AMAZON,"EGP 3,350.",No Discount found,4.1 out of 5 stars,Kieslect YFT2056EU Ks Pro Calling Smart Watch Silver,https://www.amazon.eg/-/en/Kieslect-YFT2056EU-Calling-Smart-Silver/dp/B0CBH9D57H/ref=sr_1_16?crid=3744OP3WCWRVH&keywords=smart%2Bwatch&qid=1706022076&sprefix=smart+watch%2Caps%2C420&sr=8-16
AMAZON,"EGP 11,999.",26% Off,4.5 out of 5 stars,"Samsung Galaxy Watch6 Classic Smartwatch (Silver, 43mm)",https://www.amazon.eg/-/en/Samsung-Galaxy-Watch6-Classic-Smartwatch/dp/B0CC9Y4J72/ref=sr_1_17?crid=3744OP3WCWRVH&keywords=smart%2Bwatch&qid=1706022076&sprefix=smart+watch%2Caps%2C420&sr=8-17
AMAZON,"EGP 13,999.",No Discount found,3.9 out of 5 stars,"Samsung Galaxy Watch6 Smartwatch (Graphite, 44mm)",https://www.amazon.eg/-/en/Samsung-Galaxy-Watch6-Smartwatch-Graphite/dp/B0CC9TWVYC/ref=sr_1_18?crid=3744OP3WCWRVH&keywords=smart%2Bwatch&qid=1706022076&sprefix=smart+watch%2Caps%2C420&sr=8-18
AMAZON,"EGP 2,999.",4% Off,4.1 out of 5 stars,"AGPTEK Smart Watch for Men, 1.3'' Full Touch Fitness LW11 Watch with Heart Rate Monitor, DIY Watch Face, Message Notification, IP68 Waterproof Outdoor Sports Smartwatch for Android iOS Phones, Black",https://www.amazon.eg/-/en/AGPTEK-LW11-Notification-Waterproof-Smartwatch/dp/B08HV7LW3Q/ref=sr_1_19?crid=3744OP3WCWRVH&keywords=smart%2Bwatch&qid=1706022076&sprefix=smart+watch%2Caps%2C420&sr=8-19
AMAZON,"EGP 1,379.",No Discount found,4.5 out of 5 stars,"Xiaomi Smart Band 8 Active Black| Vibrant 1.47"" TFT Display | 9.99mm ultra-slim Body, 5ATM Water Resistant, 14 Days Battery Life, GPS, 100+ Workout Mode,Full Scale Fitness Tracking",https://www.amazon.eg/-/en/Xiaomi-Vibrant-ultra-slim-Resistant-Tracking/dp/B0CHJ2C1YS/ref=sr_1_20?crid=3744OP3WCWRVH&keywords=smart%2Bwatch&qid=1706022076&sprefix=smart+watch%2Caps%2C420&sr=8-20
AMAZON,EGP No price found,No Discount found,3.8 out of 5 stars,"Joyroom JR-FC2 Smart Watch, IP 68 Waterproof Answer/Make Call, Supports the Arabic language, Compatible with iPhone Android Phone, Fitness Tracker Heart Rate Monitor Watch (+Extra Watch Band)",https://www.amazon.eg/-/en/JR-FC2-Waterproof-Supports-language-Compatible/dp/B0BS6PPXXN/ref=sr_1_21?crid=3744OP3WCWRVH&keywords=smart%2Bwatch&qid=1706022076&sprefix=smart+watch%2Caps%2C420&sr=8-21
AMAZON,"EGP 8,999.",14% Off,4.0 out of 5 stars,"Samsung SM-R900NZAAMEA Galaxy Watch5, 40mm, UAE Version, Graphite - 1 Year Warranty",https://www.amazon.eg/-/en/Samsung-SM-R900NZAAMEA-Galaxy-Version-Graphite/dp/B0B8J2QDDX/ref=sr_1_22?crid=3744OP3WCWRVH&keywords=smart%2Bwatch&qid=1706022076&sprefix=smart+watch%2Caps%2C420&sr=8-22
AMAZON,"EGP 2,700.",No Discount found,No Rate found,TK4 Ultra Smart Watch 4G With Two Pairs Strap - Black,https://www.amazon.eg/-/en/Ultra-Smart-Watch-Pairs-Strap/dp/B0CQBGCHVP/ref=sr_1_23?crid=3744OP3WCWRVH&keywords=smart%2Bwatch&qid=1706022076&sprefix=smart+watch%2Caps%2C420&sr=8-23
AMAZON,"EGP 1,099.",12% Off,2.6 out of 5 stars,X9 ultra 2 ((Super AMOLED)) Screen Smart Watch (49mm/2.2inch) Full Screen | Space Aluminum Case With 2 straps Silicone & Fabric | Wireless Charge (black),https://www.amazon.eg/-/en/AMOLED-2-2inch-Aluminum-Silicone-Wireless/dp/B0CK5VYB8S/ref=sr_1_24?crid=3744OP3WCWRVH&keywords=smart%2Bwatch&qid=1706022076&sprefix=smart+watch%2Caps%2C420&sr=8-24
AMAZON,EGP 599.,No Discount found,2.6 out of 5 stars,T800 Ultra smart watch NFC Smartwatch Bluetooth Call Wireless Charge sport (orange),https://www.amazon.eg/-/en/T800-Smartwatch-Bluetooth-Wireless-Charge/dp/B0CP481G4R/ref=sr_1_25?crid=3744OP3WCWRVH&keywords=smart%2Bwatch&qid=1706022076&sprefix=smart+watch%2Caps%2C420&sr=8-25
AMAZON,"EGP 1,890.",4% Off,2.6 out of 5 stars,"realme RMW2106 1.32 TechLife Watch R100, Black",https://www.amazon.eg/-/en/realme-RMW2106-TechLife-Watch-Black/dp/B0C86C8TM4/ref=sr_1_26?crid=3744OP3WCWRVH&keywords=smart%2Bwatch&qid=1706022076&sprefix=smart+watch%2Caps%2C420&sr=8-26
AMAZON,EGP 977.,No Discount found,3.5 out of 5 stars,"x8 ultra max smart (Black), USB",https://www.amazon.eg/-/en/ultra-max-smart-Black-USB/dp/B0C46H1XT4/ref=sr_1_27?crid=3744OP3WCWRVH&keywords=smart%2Bwatch&qid=1706022076&sprefix=smart+watch%2Caps%2C420&sr=8-27
AMAZON,"EGP 1,122.",6% Off,3.9 out of 5 stars,JOYROOM JR-FT3 Fit-Life Series Smart Watch - Dark Gray,https://www.amazon.eg/-/en/JOYROOM-JR-FT3-Fit-Life-Smart-Watch/dp/B0BSTD6C21/ref=sr_1_28?crid=3744OP3WCWRVH&keywords=smart%2Bwatch&qid=1706022076&sprefix=smart+watch%2Caps%2C420&sr=8-28
AMAZON,"EGP 3,290.",3% Off,4.7 out of 5 stars,Kieslect YFT2064EU Ks Pro Calling Smart Watch Black,https://www.amazon.eg/-/en/Kieslect-YFT2064EU-Calling-Smart-Watch/dp/B0CCQQDDG9/ref=sr_1_29?crid=3744OP3WCWRVH&keywords=smart%2Bwatch&qid=1706022076&sprefix=smart+watch%2Caps%2C420&sr=8-29
AMAZON,EGP 888.,4% Off,5.0 out of 5 stars,X8 Ultra Plus Smart Watch Series 8 49mm Body Temperature Monitor Bluetooth Wireless (Orange),https://www.amazon.eg/-/en/Temperature-Monitor-Bluetooth-Wireless-Orange/dp/B0BPK28GDB/ref=sr_1_30?crid=3744OP3WCWRVH&keywords=smart%2Bwatch&qid=1706022076&sprefix=smart+watch%2Caps%2C420&sr=8-30
AMAZON,"EGP 1,250.",10% Off,2.9 out of 5 stars,Hk8 Pro Max Smart Watch Amoled Edge 2.02 Inch 485 x 520 Pixels - Bluetooth V5.2 - IP67 Waterproof for Water and Dust Resistance - WirFT Pro (Black),https://www.amazon.eg/-/en/Smart-Watch-Amoled-Edge-Pixels/dp/B0CBRYM24W/ref=sr_1_31?crid=3744OP3WCWRVH&keywords=smart%2Bwatch&qid=1706022076&sprefix=smart+watch%2Caps%2C420&sr=8-31
AMAZON,EGP 415.,No Discount found,2.2 out of 5 stars,DigiTek Smart Watch T500 Smart Watch Series 5 Smart Watch Blood Pressure Bluetooth call music player 44mm for ISO Android Heart Rate Smartwatch,https://www.amazon.eg/-/en/DigiTek-T500-Pressure-Bluetooth-Smartwatch/dp/B09K5N2Q5F/ref=sr_1_32?crid=3744OP3WCWRVH&keywords=smart%2Bwatch&qid=1706022076&sprefix=smart+watch%2Caps%2C420&sr=8-32
AMAZON,EGP 600.,No Discount found,2.3 out of 5 stars,T800 Ultra Smart Watch For Men And Women Stylish And Good Looking Watch With 10 Sports Gadgets Sport Watch With One Strap Silicone Black,https://www.amazon.eg/-/en/T800-Stylish-Looking-Gadgets-Silicone/dp/B0CP1G87GQ/ref=sr_1_33?crid=3744OP3WCWRVH&keywords=smart%2Bwatch&qid=1706022076&sprefix=smart+watch%2Caps%2C420&sr=8-33
AMAZON,EGP 590.,No Discount found,2.4 out of 5 stars,Offtrot Ultra Seris 8 Smart Watch T800 Ultra Men Two Watch NFC Door Unlock Smartwatch Bluetooth Call Wireless Charge Fitness Bracelet (Orange),https://www.amazon.eg/-/en/Offtrot-Smartwatch-Bluetooth-Wireless-Bracelet/dp/B0BZJ9PW8R/ref=sr_1_34?crid=3744OP3WCWRVH&keywords=smart%2Bwatch&qid=1706022076&sprefix=smart+watch%2Caps%2C420&sr=8-34
AMAZON,"EGP 1,275.",No Discount found,2.5 out of 5 stars,SMART WATCH X8 ULTRA PLUS Smartwatch (Black),https://www.amazon.eg/-/en/SMART-WATCH-X8-ULTRA-Smartwatch/dp/B0BYXZ2HRC/ref=sr_1_35?crid=3744OP3WCWRVH&keywords=smart%2Bwatch&qid=1706022076&sprefix=smart+watch%2Caps%2C420&sr=8-35
AMAZON,"EGP 3,797.",15% Off,4.5 out of 5 stars,"Amazfit GTS 4 Mini Smart Watch Ultra Slim 1.65 inch AMOLED Display 24H Health Management GPS 5 ATM Water Proof 15 Days Battery Life Black, GTS4-MINI-BLACK,, Wireless, Bluetooth, USB",https://www.amazon.eg/-/en/Amazfit-Management-GTS4-MINI-BLACK-Wireless-Bluetooth/dp/B0B8N94WVR/ref=sr_1_36?crid=3744OP3WCWRVH&keywords=smart%2Bwatch&qid=1706022076&sprefix=smart+watch%2Caps%2C420&sr=8-36
AMAZON,EGP 889.,14% Off,3.0 out of 5 stars,"Oraimo Watch Lite 1.69' OSW-18 TFT LCD Display IP68 Waterproof Sports Smart Watch, 12 Months Warranty",https://www.amazon.eg/-/en/Oraimo-OSW-18-Display-Waterproof-12-Months-Warranty/dp/B0C8TBZYN2/ref=sr_1_37?crid=3744OP3WCWRVH&keywords=smart%2Bwatch&qid=1706022076&sprefix=smart+watch%2Caps%2C420&sr=8-37
AMAZON,"EGP 1,699.",No Discount found,5.0 out of 5 stars,"Honor Watch Band 7, Emerald Green",https://www.amazon.eg/-/en/Honor-Watch-Band-Emerald-Green/dp/B0CJJVQDXQ/ref=sr_1_38?crid=3744OP3WCWRVH&keywords=smart%2Bwatch&qid=1706022076&sprefix=smart+watch%2Caps%2C420&sr=8-38
AMAZON,EGP 999.,No Discount found,3.1 out of 5 stars,"Kid's Smart Tracking Watch, Pink, Bluetooth",https://www.amazon.eg/-/en/Kids-Smart-Tracking-Watch-Bluetooth/dp/B0B2WX9M33/ref=sr_1_39?crid=3744OP3WCWRVH&keywords=smart%2Bwatch&qid=1706022076&sprefix=smart+watch%2Caps%2C420&sr=8-39
AMAZON,EGP 990.,No Discount found,No Rate found,W&O X8+ Ultra smart watch app : Wearfit pro (the original version) (orang),https://www.amazon.eg/-/en/X8-Ultra-smart-watch-app/dp/B0CP2SPKM7/ref=sr_1_40?crid=3744OP3WCWRVH&keywords=smart%2Bwatch&qid=1706022076&sprefix=smart+watch%2Caps%2C420&sr=8-40
AMAZON,EGP 555.,No Discount found,No Rate found,"T800 Ultra Smart Watch 1.99 with Bluetooth Calls, Sleep Monitor, Call and Message Reminder and Many Enemies for Men and Women (Orange)",https://www.amazon.eg/-/en/T800-Bluetooth-Monitor-Message-Reminder/dp/B0CQW19Y1V/ref=sr_1_41?crid=3744OP3WCWRVH&keywords=smart%2Bwatch&qid=1706022076&sprefix=smart+watch%2Caps%2C420&sr=8-41
AMAZON,"EGP 1,799.",No Discount found,5.0 out of 5 stars,HK 11 Ultra Max Smart Watch 2023 49mm Call Bluetooth AMOLED Smartwatch Men and womenNFC For Android & IOS (wear fitrpo) Open Chat GPT with Two Straps (BLACK),https://www.amazon.eg/-/en/2023-Bluetooth-Smartwatch-womenNFC-Android/dp/B0CLFQDG8F/ref=sr_1_42?crid=3744OP3WCWRVH&keywords=smart%2Bwatch&qid=1706022076&sprefix=smart+watch%2Caps%2C420&sr=8-42
AMAZON,"EGP 3,299.",17% Off,4.1 out of 5 stars,"Smart Watches for Women, 2022 ALL-NEW Smart Watch for Android Phones and iPhone, 3ATM Waterproof Fitness Tracker with Sleep Tracker, Heart Rate, Blood Oxygen Monitor, Pedometer, SmartWatch Pink",https://www.amazon.eg/-/en/Watches-ALL-NEW-Waterproof-Pedometer-SmartWatch/dp/B09G62P2LG/ref=sr_1_43?crid=3744OP3WCWRVH&keywords=smart%2Bwatch&qid=1706022076&sprefix=smart+watch%2Caps%2C420&sr=8-43
AMAZON,"EGP 1,799.",18% Off,3.5 out of 5 stars,AMOLED HK9 Pro Plus Gen2 Upgraded Watch 9 NFC Smart Watch For Men and women sport Serie 9 Smartwatch ultra 9 (wear fit pro) (gold),https://www.amazon.eg/-/en/AMOLED-Upgraded-Watch-Smart-Smartwatch/dp/B0CLFY59FN/ref=sr_1_44?crid=3744OP3WCWRVH&keywords=smart%2Bwatch&qid=1706022076&sprefix=smart+watch%2Caps%2C420&sr=8-44
AMAZON,"EGP 3,860.",No Discount found,4.0 out of 5 stars,Military Smart Watch Men Outdoor Waterproof Tactical Smart Watch Bluetooth Talk Speaker 1.3 Inch HD Touch Screen Fitness Tracker Compatible with iPhone Samsung (Black),https://www.amazon.eg/-/en/Military-Waterproof-Tactical-Bluetooth-Compatible/dp/B09B9TB61G/ref=sr_1_45?crid=3744OP3WCWRVH&keywords=smart%2Bwatch&qid=1706022076&sprefix=smart+watch%2Caps%2C420&sr=8-45
AMAZON,"EGP 1,799.",18% Off,5.0 out of 5 stars,HK9 Ultra 2 AMOLED Smartwatch Men ChatGPT NFC Smart Watch 2GB ROM Dynamic Island Ai Watch Face For Android & IOS (wear fitrpo) (ORANGE),https://www.amazon.eg/-/en/AMOLED-Smartwatch-ChatGPT-Dynamic-Android/dp/B0CLG35FP9/ref=sr_1_46?crid=3744OP3WCWRVH&keywords=smart%2Bwatch&qid=1706022076&sprefix=smart+watch%2Caps%2C420&sr=8-46
AMAZON,"EGP 15,490.",No Discount found,4.6 out of 5 stars,"SAMSUNG Galaxy Watch 6 44mm Bluetooth Smartwatch, Fitness Tracker, Personalized HR Zones, Advanced Sleep Coaching, Heart Monitor, BIA Sensor, Health Wellness Insights, Big Screen, US Version, Graphite",https://www.amazon.eg/-/en/SAMSUNG-Bluetooth-Smartwatch-Personalized-Advanced/dp/B0C797946T/ref=sr_1_47?crid=3744OP3WCWRVH&keywords=smart%2Bwatch&qid=1706022076&sprefix=smart+watch%2Caps%2C420&sr=8-47
AMAZON,"EGP 1,360.",No Discount found,5.0 out of 5 stars,"Smart Watch Fitness Tracker, Precision GPS, Action Button, Extra-Long Battery Life,Waterproof Smartwatch Men/womenCompatible with iPhone Android Samsung Phones (Orange/Black)",https://www.amazon.eg/-/en/Precision-Extra-Long-Waterproof-Smartwatch-womenCompatible/dp/B0BXS365JF/ref=sr_1_48?crid=3744OP3WCWRVH&keywords=smart%2Bwatch&qid=1706022076&sprefix=smart+watch%2Caps%2C420&sr=8-48
